asset_id,asset_type,region,region_code,manufacturer,install_year,age_years,status,health_score,residual_value,cost_new,repair_cost,fault_code,num_repairs,last_maintenance_days,load_factor_avg,temp_max_c,voltage_deviation,switching_ops,lat,lon,return_date,decision,decision_confidence,rul_years
THR-R21-TR-00001,ترانسفورماتور توزیع,منطقه ۲۱ (تهرانسر),R21,پارس الکتریک,1401,3,فعال,82.7,432824401,503819182,0,F00-بدون خطا,0,119,0.78,48.8,6.33,436,35.70493,51.2328,,,,18.5
THR-R19-TR-00002,ترانسفورماتور توزیع,منطقه ۱۹ (عبدالله‌آباد),R19,مپنا,1378,26,فعال,38.5,85276243,429546370,0,F00-بدون خطا,4,42,0.7,65.3,2.46,894,35.60417,51.35021,,,,0.5
THR-R21-RL-00003,رله حفاظتی,منطقه ۲۱ (تهرانسر),R21,پارس سوئیچ,1391,13,فعال,46.6,26742475,44443952,0,F00-بدون خطا,0,447,0.69,71.7,1.06,1473,35.69332,51.2478,,,,0.5
THR-R09-TR-00004,ترانسفورماتور توزیع,منطقه ۹ (مهرآباد),R09,ایران ترانسفو,1402,2,فعال,88.6,346108057,413781965,0,F00-بدون خطا,1,382,0.83,60.2,1.36,1488,35.71244,51.34328,,,,20.8
THR-R20-TR-00005,ترانسفورماتور توزیع,منطقه ۲۰ (شهرری),R20,مپنا,1379,25,در تعمیر,30.7,144403252,421475161,43070246,F04-الکتریکی,0,315,0.69,69.9,1.85,1561,35.56672,51.46047,,بازیافت,0.78,1.0
THR-R19-TR-00006,ترانسفورماتور توزیع,منطقه ۱۹ (عبدالله‌آباد),R19,آریا رله,1380,24,فعال,24.8,131306175,416946487,0,F00-بدون خطا,6,96,0.6,63.5,2.35,1033,35.6048,51.33726,,,,0.5
THR-R04-TR-00007,ترانسفورماتور توزیع,منطقه ۴ (تهرانپارس),R04,آریا رله,1392,12,بازگشتی,53.1,295368015,442926158,93150385,F02-عایق,2,229,0.83,76.3,4.96,1173,35.72205,51.53511,2026-06-28,بازسازی,0.78,6.1
THR-R22-CB-00008,کلید قدرت,منطقه ۲۲ (چیتگر),R22,فولاد مبارکه,1397,7,بازگشتی,75.2,148536761,208607584,51154177,F02-عایق,1,291,0.6,77.2,4.43,979,35.73154,51.17818,2026-06-30,تعمیر,0.88,9.4
THR-R11-IN-00009,مقره,منطقه ۱۱ (انقلاب),R11,فولاد مبارکه,1402,2,فعال,83.2,6588582,7487026,0,F00-بدون خطا,1,289,0.68,68.9,3.24,351,35.70066,51.41304,,,,25.1
THR-R07-CBM-00010,کابل فشار متوسط,منطقه ۷ (بهار/شریعتی),R07,پارس الکتریک,1396,8,بازسازی شده,67.9,18154857,24857669,0,F00-بدون خطا,0,526,0.57,64.4,5.11,1700,35.72043,51.46038,,,,18.0
THR-R21-CB-00011,کلید قدرت,منطقه ۲۱ (تهرانسر),R21,فولاد مبارکه,1386,18,فعال,37.7,89319103,212203673,0,F00-بدون خطا,4,612,0.54,83.7,3.87,1715,35.71541,51.25667,,,,1.1
THR-R12-TR-00012,ترانسفورماتور توزیع,منطقه ۱۲ (بازار),R12,ایران ترانسفو,1382,22,فعال,44.3,130250868,435771246,0,F00-بدون خطا,0,171,0.85,48.3,3.71,735,35.67136,51.4359,,,,0.9
THR-R22-TR-00013,ترانسفورماتور توزیع,منطقه ۲۲ (چیتگر),R22,آریا رله,1380,24,فعال,17.3,108230138,421181824,0,F00-بدون خطا,4,581,0.78,62.5,6.34,127,35.73188,51.22215,,,,0.5
THR-R22-RL-00014,رله حفاظتی,منطقه ۲۲ (چیتگر),R22,ایران ترانسفو,1399,5,بازسازی شده,55.3,31665301,44345346,0,F00-بدون خطا,1,315,0.69,50.1,2.39,1860,35.71684,51.20548,,,,5.5
THR-R06-CB-00015,کلید قدرت,منطقه ۶ (یوسف‌آباد),R06,مپنا,1401,3,بازسازی شده,74.2,149445404,169824323,0,F00-بدون خطا,0,123,0.81,57.5,4.95,1302,35.72947,51.42428,,,,13.5
THR-R21-CB-00016,کلید قدرت,منطقه ۲۱ (تهرانسر),R21,مپنا,1384,20,فعال,33.8,90284291,196210604,0,F00-بدون خطا,4,15,0.84,60.8,1.86,1407,35.70179,51.22951,,,,0.5
THR-R16-TR-00017,ترانسفورماتور توزیع,منطقه ۱۶ (علی‌آباد),R16,ایران ترانسفو,1389,15,بازسازی شده,51.3,250631671,496471188,0,F00-بدون خطا,1,261,0.53,75.6,3.0,402,35.61583,51.4006,,,,5.9
THR-R03-RL-00018,رله حفاظتی,منطقه ۳ (ونک/الهیه),R03,پارس الکتریک,1380,24,امحا شده,24.8,12654405,52983363,0,F00-بدون خطا,1,501,0.76,80.7,3.96,756,35.77587,51.3979,,,,0.5
THR-R09-CB-00019,کلید قدرت,منطقه ۹ (مهرآباد),R09,پارس الکتریک,1397,7,فعال,57.4,127480718,167027549,0,F00-بدون خطا,0,334,0.61,77.0,5.91,1714,35.70986,51.34002,,,,5.7
THR-R22-CB-00020,کلید قدرت,منطقه ۲۲ (چیتگر),R22,پارس سوئیچ,1392,12,بازسازی شده,63.3,123218418,196669708,0,F00-بدون خطا,0,245,0.87,72.3,0.85,342,35.71921,51.18308,,,,5.5
THR-R11-TR-00021,ترانسفورماتور توزیع,منطقه ۱۱ (انقلاب),R11,ایران ترانسفو,1395,9,فعال,68.4,268676929,405683313,0,F00-بدون خطا,0,661,0.56,76.5,2.15,321,35.67304,51.40244,,,,12.2
THR-R08-TR-00022,ترانسفورماتور توزیع,منطقه ۸ (تهران‌نو),R08,پارس سوئیچ,1379,25,بازسازی شده,46.1,151717137,492700441,0,F00-بدون خطا,4,300,0.72,51.7,2.9,2068,35.74746,51.50788,,,,0.5
THR-R07-CB-00023,کلید قدرت,منطقه ۷ (بهار/شریعتی),R07,فولاد مبارکه,1401,3,بازیافت شده,65.6,177042563,214542569,0,F00-بدون خطا,0,431,0.69,71.1,3.61,859,35.71465,51.4596,,,,12.6
THR-R04-TR-00024,ترانسفورماتور توزیع,منطقه ۴ (تهرانپارس),R04,پارس الکتریک,1391,13,فعال,56.0,273397437,442904268,0,F00-بدون خطا,3,70,0.53,85.6,6.24,483,35.71622,51.52727,,,,5.7
THR-R02-TR-00025,ترانسفورماتور توزیع,منطقه ۲ (سعادت‌آباد),R02,پارس سوئیچ,1388,16,در تعمیر,52.6,218890497,407086643,99418899,F02-عایق,1,564,0.6,54.8,3.97,1917,35.77641,51.40333,,بازسازی,0.91,3.7
THR-R05-TR-00026,ترانسفورماتور توزیع,منطقه ۵ (پونک/جنت‌آباد),R05,مپنا,1386,18,فعال,38.1,219126681,481958257,0,F00-بدون خطا,3,115,0.92,53.6,3.75,287,35.73986,51.32575,,,,3.1
THR-R21-CBM-00027,کابل فشار متوسط,منطقه ۲۱ (تهرانسر),R21,فولاد مبارکه,1378,26,امحا شده,33.3,6932992,27727618,0,F00-بدون خطا,1,512,0.83,82.7,6.01,2051,35.71012,51.24297,,,,4.1
THR-R07-IN-00028,مقره,منطقه ۷ (بهار/شریعتی),R07,آریا رله,1379,25,فعال,30.7,2513733,9115908,0,F00-بدون خطا,3,480,0.82,83.6,2.73,1248,35.7275,51.4501,,,,6.2
THR-R14-RL-00029,رله حفاظتی,منطقه ۱۴ (نبرد),R14,پارس سوئیچ,1401,3,امحا شده,66.5,41261675,48306781,0,F00-بدون خطا,0,318,0.73,49.2,1.01,971,35.6468,51.45828,,,,5.8
THR-R02-CB-00030,کلید قدرت,منطقه ۲ (سعادت‌آباد),R02,ایران ترانسفو,1395,9,فعال,66.0,113880613,168861267,0,F00-بدون خطا,0,613,0.55,72.9,1.29,2032,35.78111,51.3935,,,,8.6
THR-R17-CBM-00031,کابل فشار متوسط,منطقه ۱۷ (آذری),R17,ایران ترانسفو,1394,10,فعال,67.4,16926536,26554763,0,F00-بدون خطا,0,624,0.6,79.8,2.34,358,35.66687,51.3713,,,,16.9
THR-R22-IN-00032,مقره,منطقه ۲۲ (چیتگر),R22,مپنا,1390,14,فعال,59.1,3763830,7260841,0,F00-بدون خطا,0,98,0.78,64.4,1.79,1797,35.76313,51.2168,,,,9.3
THR-R22-CB-00033,کلید قدرت,منطقه ۲۲ (چیتگر),R22,پارس الکتریک,1394,10,فعال,57.2,122150223,191658239,0,F00-بدون خطا,0,336,0.74,64.8,2.21,1057,35.75073,51.20801,,,,6.2
THR-R09-TR-00034,ترانسفورماتور توزیع,منطقه ۹ (مهرآباد),R09,ایران ترانسفو,1399,5,بازگشتی,81.7,355401965,406943120,57499115,F03-مکانیکی,0,484,0.78,67.0,1.36,489,35.6673,51.29704,2026-09-16,تعمیر,0.94,15.5
THR-R18-TR-00035,ترانسفورماتور توزیع,منطقه ۱۸ (یافت‌آباد),R18,پارس سوئیچ,1386,18,فعال,18.3,169117010,428382252,0,F00-بدون خطا,0,393,0.47,63.0,4.37,1247,35.63669,51.29493,,,,3.1
THR-R06-TR-00036,ترانسفورماتور توزیع,منطقه ۶ (یوسف‌آباد),R06,آریا رله,1395,9,بازگشتی,79.7,373484404,493923640,66725376,F06-پیری,2,694,0.73,85.6,4.08,504,35.70853,51.40712,2026-06-05,تعمیر,0.84,12.8
THR-R05-TR-00037,ترانسفورماتور توزیع,منطقه ۵ (پونک/جنت‌آباد),R05,مپنا,1381,23,در تعمیر,49.4,113965843,466864140,36061305,F03-مکانیکی,2,230,0.6,81.8,0.93,1484,35.78207,51.31431,,بازیافت,0.73,1.3
THR-R07-RL-00038,رله حفاظتی,منطقه ۷ (بهار/شریعتی),R07,ایران ترانسفو,1386,18,فعال,39.2,17533998,42095225,0,F00-بدون خطا,0,664,0.86,77.4,5.38,1814,35.72984,51.44645,,,,0.5
THR-R09-TR-00039,ترانسفورماتور توزیع,منطقه ۹ (مهرآباد),R09,مپنا,1388,16,در تعمیر,41.8,239997254,506332991,98509394,F02-عایق,3,452,0.89,82.3,3.25,119,35.71453,51.31563,,بازیافت,0.78,5.3
THR-R04-TR-00040,ترانسفورماتور توزیع,منطقه ۴ (تهرانپارس),R04,مپنا,1400,4,بازیافت شده,74.9,368345644,418921722,0,F00-بدون خطا,1,580,0.84,60.8,5.9,686,35.76013,51.52026,,,,16.7
THR-R14-TR-00041,ترانسفورماتور توزیع,منطقه ۱۴ (نبرد),R14,پارس سوئیچ,1387,17,فعال,54.9,249328878,533331964,0,F00-بدون خطا,2,713,0.6,74.9,5.09,1102,35.67367,51.46659,,,,2.2
THR-R22-TR-00042,ترانسفورماتور توزیع,منطقه ۲۲ (چیتگر),R22,پارس سوئیچ,1402,2,بازگشتی,71.2,367235284,417312823,109432923,F05-رطوبت,0,181,0.87,62.0,1.47,805,35.71788,51.20248,2026-06-05,تعمیر,0.89,17.1
THR-R14-TR-00043,ترانسفورماتور توزیع,منطقه ۱۴ (نبرد),R14,آریا رله,1401,3,بازیافت شده,76.0,409238044,488459438,0,F00-بدون خطا,0,178,0.84,76.2,1.26,522,35.65006,51.43921,,,,16.2
THR-R13-IN-00044,مقره,منطقه ۱۳ (پیروزی),R13,آریا رله,1393,11,فعال,57.5,5212210,9150718,0,F00-بدون خطا,1,248,0.8,63.1,1.28,993,35.72236,51.5043,,,,9.2
THR-R01-RL-00045,رله حفاظتی,منطقه ۱ (تجریش/نیاوران),R01,آریا رله,1390,14,فعال,61.1,29204728,46226997,0,F00-بدون خطا,2,671,0.67,50.3,1.48,2166,35.82472,51.41476,,,,0.5
THR-R13-RL-00046,رله حفاظتی,منطقه ۱۳ (پیروزی),R13,آریا رله,1395,9,فعال,69.1,36115000,50571605,0,F00-بدون خطا,0,197,0.63,59.4,5.75,1167,35.70417,51.50311,,,,3.2
THR-R02-TR-00047,ترانسفورماتور توزیع,منطقه ۲ (سعادت‌آباد),R02,مپنا,1391,13,فعال,56.5,243429314,414962536,0,F00-بدون خطا,3,538,0.78,66.2,4.38,553,35.78269,51.40347,,,,9.5
THR-R13-IN-00048,مقره,منطقه ۱۳ (پیروزی),R13,مپنا,1384,20,فعال,40.2,3169330,7309071,0,F00-بدون خطا,0,566,0.87,66.2,4.33,887,35.68905,51.50252,,,,4.2
THR-R12-TR-00049,ترانسفورماتور توزیع,منطقه ۱۲ (بازار),R12,پارس الکتریک,1399,5,بازیافت شده,64.8,364741641,467599284,0,F00-بدون خطا,0,322,0.83,75.4,1.73,2157,35.66767,51.42418,,,,10.7
THR-R10-RL-00050,رله حفاظتی,منطقه ۱۰ (آزادی),R10,پارس سوئیچ,1388,16,فعال,51.3,23147420,53091834,0,F00-بدون خطا,4,211,0.46,63.1,5.42,1802,35.7083,51.33726,,,,1.7
THR-R22-CBM-00051,کابل فشار متوسط,منطقه ۲۲ (چیتگر),R22,فولاد مبارکه,1399,5,در تعمیر,60.8,26132763,29774357,11058413,F05-رطوبت,1,576,0.86,80.5,6.5,81,35.75692,51.19843,,بازسازی,0.79,16.3
THR-R10-TR-00052,ترانسفورماتور توزیع,منطقه ۱۰ (آزادی),R10,فولاد مبارکه,1391,13,در تعمیر,49.9,298297997,508813301,137251580,F04-الکتریکی,3,706,0.51,86.2,4.26,955,35.70748,51.34737,,بازسازی,0.85,6.0
THR-R17-CB-00053,کلید قدرت,منطقه ۱۷ (آذری),R17,مپنا,1401,3,فعال,87.4,158211580,195378924,0,F00-بدون خطا,1,694,0.81,68.8,5.66,1452,35.65291,51.34068,,,,15.1
THR-R03-IN-00054,مقره,منطقه ۳ (ونک/الهیه),R03,پارس سوئیچ,1402,2,فعال,94.2,8187491,9303968,0,F00-بدون خطا,0,165,0.46,78.2,4.34,180,35.75217,51.3917,,,,28.5
THR-R02-TR-00055,ترانسفورماتور توزیع,منطقه ۲ (سعادت‌آباد),R02,پارس الکتریک,1393,11,بازگشتی,57.2,286353373,423410149,35861773,F04-الکتریکی,1,604,0.61,68.6,5.27,876,35.77253,51.3845,2026-06-26,بازسازی,0.92,6.6
THR-R13-CB-00056,کلید قدرت,منطقه ۱۳ (پیروزی),R13,فولاد مبارکه,1385,19,فعال,31.8,104165098,208567640,0,F00-بدون خطا,0,239,0.89,67.7,2.27,800,35.72248,51.46235,,,,0.5
THR-R17-CB-00057,کلید قدرت,منطقه ۱۷ (آذری),R17,پارس سوئیچ,1395,9,فعال,72.2,131335447,188601377,0,F00-بدون خطا,1,490,0.51,53.1,1.67,1379,35.65144,51.36667,,,,7.8
THR-R15-CB-00058,کلید قدرت,منطقه ۱۵ (خاوران),R15,پارس سوئیچ,1401,3,بازسازی شده,72.1,151202941,171821524,0,F00-بدون خطا,1,501,0.67,74.7,1.78,1923,35.63228,51.47984,,,,11.1
THR-R09-RL-00059,رله حفاظتی,منطقه ۹ (مهرآباد),R09,آریا رله,1398,6,فعال,62.2,31839397,42889641,0,F00-بدون خطا,0,465,0.62,68.1,4.74,397,35.66944,51.30103,,,,3.9
THR-R10-TR-00060,ترانسفورماتور توزیع,منطقه ۱۰ (آزادی),R10,پارس سوئیچ,1388,16,فعال,52.9,244216941,522933114,0,F00-بدون خطا,1,251,0.58,80.2,5.07,1648,35.71104,51.33805,,,,5.0
THR-R05-RL-00061,رله حفاظتی,منطقه ۵ (پونک/جنت‌آباد),R05,فولاد مبارکه,1380,24,فعال,27.4,11339355,45501373,0,F00-بدون خطا,4,440,0.8,49.5,2.24,335,35.75923,51.32591,,,,0.5
THR-R07-IN-00062,مقره,منطقه ۷ (بهار/شریعتی),R07,فولاد مبارکه,1390,14,بازیافت شده,41.1,4945799,8428025,0,F00-بدون خطا,3,21,0.66,69.3,2.18,1520,35.72161,51.42036,,,,6.9
THR-R10-RL-00063,رله حفاظتی,منطقه ۱۰ (آزادی),R10,آریا رله,1391,13,بازگشتی,51.6,20992450,40770961,4953137,F04-الکتریکی,1,461,0.68,51.5,3.86,2069,35.67557,51.35137,2026-09-22,بازسازی,0.9,3.1
THR-R13-TR-00064,ترانسفورماتور توزیع,منطقه ۱۳ (پیروزی),R13,مپنا,1399,5,در تعمیر,81.6,407681153,463274038,67646088,F04-الکتریکی,0,561,0.72,62.2,6.42,190,35.68919,51.47315,,تعمیر,0.92,17.0
THR-R13-CB-00065,کلید قدرت,منطقه ۱۳ (پیروزی),R13,فولاد مبارکه,1399,5,فعال,57.3,140386726,167496253,0,F00-بدون خطا,0,201,0.58,54.9,5.91,285,35.68264,51.4673,,,,8.1
THR-R09-TR-00066,ترانسفورماتور توزیع,منطقه ۹ (مهرآباد),R09,آریا رله,1384,20,فعال,36.7,180674369,460403571,0,F00-بدون خطا,3,446,0.64,86.8,5.73,1113,35.71412,51.3006,,,,0.8
THR-R03-CB-00067,کلید قدرت,منطقه ۳ (ونک/الهیه),R03,پارس الکتریک,1401,3,بازگشتی,71.1,150680577,171227929,54352225,F02-عایق,0,56,0.54,60.9,3.22,207,35.77847,51.41284,2026-08-25,بازسازی,0.9,10.1
THR-R07-IN-00068,مقره,منطقه ۷ (بهار/شریعتی),R07,پارس الکتریک,1397,7,فعال,74.6,5028264,7475608,0,F00-بدون خطا,1,132,0.72,54.2,3.54,972,35.72553,51.42943,,,,17.2
THR-R15-RL-00069,رله حفاظتی,منطقه ۱۵ (خاوران),R15,آریا رله,1402,2,فعال,78.6,39638858,45044157,0,F00-بدون خطا,0,125,0.77,78.4,4.2,185,35.62172,51.43817,,,,9.5
THR-R10-CB-00070,کلید قدرت,منطقه ۱۰ (آزادی),R10,مپنا,1390,14,فعال,61.7,78559626,180838886,0,F00-بدون خطا,0,657,0.9,53.0,4.97,1074,35.71148,51.37653,,,,2.7
THR-R04-RL-00071,رله حفاظتی,منطقه ۴ (تهرانپارس),R04,ایران ترانسفو,1387,17,بازسازی شده,53.0,22497440,48255387,0,F00-بدون خطا,4,370,0.53,54.6,5.44,1834,35.75709,51.50199,,,,0.5
THR-R22-TR-00072,ترانسفورماتور توزیع,منطقه ۲۲ (چیتگر),R22,ایران ترانسفو,1394,10,بازگشتی,71.7,310376023,453442115,135259448,F04-الکتریکی,1,458,0.63,66.5,2.52,1563,35.73462,51.21583,2026-07-06,بازسازی,0.85,13.2
THR-R15-RL-00073,رله حفاظتی,منطقه ۱۵ (خاوران),R15,فولاد مبارکه,1391,13,فعال,54.8,29227590,43634871,0,F00-بدون خطا,3,461,0.74,52.7,6.16,1179,35.65998,51.45419,,,,2.2
THR-R11-IN-00074,مقره,منطقه ۱۱ (انقلاب),R11,فولاد مبارکه,1380,24,فعال,29.4,1537519,7534252,0,F00-بدون خطا,1,598,0.7,83.8,5.3,1632,35.7047,51.406,,,,3.1
THR-R11-TR-00075,ترانسفورماتور توزیع,منطقه ۱۱ (انقلاب),R11,آریا رله,1388,16,فعال,47.7,201515314,438546033,0,F00-بدون خطا,2,363,0.86,61.7,5.48,1225,35.7022,51.37668,,,,6.1
THR-R20-RL-00076,رله حفاظتی,منطقه ۲۰ (شهرری),R20,پارس الکتریک,1386,18,بازگشتی,50.4,22171778,51263487,3857230,F01-حرارتی,1,431,0.75,75.8,3.89,2081,35.57646,51.45111,2026-07-16,بازسازی,0.89,0.5
THR-R08-RL-00077,رله حفاظتی,منطقه ۸ (تهران‌نو),R08,آریا رله,1398,6,بازگشتی,60.2,30915133,42951569,13820369,F01-حرارتی,0,241,0.73,68.2,4.29,1736,35.73417,51.49504,2026-06-29,بازسازی,0.8,6.2
THR-R08-TR-00078,ترانسفورماتور توزیع,منطقه ۸ (تهران‌نو),R08,پارس الکتریک,1396,8,فعال,64.8,365038408,499047861,0,F00-بدون خطا,1,578,0.52,71.1,4.26,1434,35.75112,51.51036,,,,11.9
THR-R12-RL-00079,رله حفاظتی,منطقه ۱۲ (بازار),R12,پارس الکتریک,1386,18,فعال,59.9,22331189,53113954,0,F00-بدون خطا,0,212,0.64,50.2,2.71,1372,35.69628,51.41754,,,,1.2
THR-R04-RL-00080,رله حفاظتی,منطقه ۴ (تهرانپارس),R04,آریا رله,1402,2,بازگشتی,85.0,40276182,47754840,18170519,F02-عایق,1,618,0.66,57.0,3.38,1239,35.73232,51.51235,2026-09-13,بازسازی,0.89,9.1
THR-R07-TR-00081,ترانسفورماتور توزیع,منطقه ۷ (بهار/شریعتی),R07,آریا رله,1389,15,فعال,54.5,243868124,472279649,0,F00-بدون خطا,1,61,0.75,48.5,4.58,303,35.71595,51.46074,,,,6.7
THR-R18-TR-00082,ترانسفورماتور توزیع,منطقه ۱۸ (یافت‌آباد),R18,مپنا,1382,22,بازگشتی,18.0,133518510,416522205,63938640,F01-حرارتی,0,306,0.8,56.4,5.92,2002,35.64011,51.30477,2026-07-26,امحا,0.81,0.5
THR-R15-TR-00083,ترانسفورماتور توزیع,منطقه ۱۵ (خاوران),R15,ایران ترانسفو,1379,25,فعال,21.9,91274741,409934205,0,F00-بدون خطا,0,425,0.66,64.0,3.99,2094,35.6386,51.46324,,,,1.7
THR-R03-CB-00084,کلید قدرت,منطقه ۳ (ونک/الهیه),R03,ایران ترانسفو,1399,5,فعال,53.2,165341360,208536423,0,F00-بدون خطا,1,269,0.58,73.8,3.13,565,35.77931,51.40367,,,,7.5
THR-R18-RL-00085,رله حفاظتی,منطقه ۱۸ (یافت‌آباد),R18,فولاد مبارکه,1397,7,بازگشتی,77.8,33410964,40865795,6679185,F05-رطوبت,1,468,0.56,52.0,2.19,1297,35.62655,51.30859,2026-06-07,تعمیر,0.92,5.6
THR-R19-CBM-00086,کابل فشار متوسط,منطقه ۱۹ (عبدالله‌آباد),R19,پارس سوئیچ,1387,17,بازگشتی,56.2,14637605,28726648,3849486,F05-رطوبت,0,655,0.87,48.5,1.29,944,35.6284,51.34525,2026-08-23,بازسازی,0.82,10.7
THR-R22-TR-00087,ترانسفورماتور توزیع,منطقه ۲۲ (چیتگر),R22,ایران ترانسفو,1385,19,فعال,50.7,164177000,461892314,0,F00-بدون خطا,1,433,0.63,71.6,2.33,1925,35.75963,51.21587,,,,1.6
THR-R20-CB-00088,کلید قدرت,منطقه ۲۰ (شهرری),R20,فولاد مبارکه,1379,25,فعال,23.0,35672644,191810547,0,F00-بدون خطا,5,87,0.9,78.5,1.6,1036,35.58681,51.42972,,,,1.0
THR-R09-RL-00089,رله حفاظتی,منطقه ۹ (مهرآباد),R09,مپنا,1398,6,بازگشتی,72.1,44015172,52576455,17955896,F04-الکتریکی,0,245,0.57,53.6,5.56,690,35.68626,51.29612,2026-06-01,بازسازی,0.88,6.9
THR-R09-IN-00090,مقره,منطقه ۹ (مهرآباد),R09,پارس الکتریک,1380,24,فعال,17.9,2123160,7612030,0,F00-بدون خطا,4,597,0.88,52.7,4.09,1262,35.67862,51.29592,,,,1.5
THR-R15-TR-00091,ترانسفورماتور توزیع,منطقه ۱۵ (خاوران),R15,مپنا,1400,4,فعال,73.9,371121460,492941752,0,F00-بدون خطا,1,567,0.76,55.0,6.01,2102,35.65649,51.44532,,,,17.5
THR-R15-TR-00092,ترانسفورماتور توزیع,منطقه ۱۵ (خاوران),R15,آریا رله,1379,25,بازسازی شده,42.1,75037749,475053890,0,F00-بدون خطا,4,41,0.8,51.3,4.24,454,35.61735,51.44331,,,,0.5
THR-R08-CBM-00093,کابل فشار متوسط,منطقه ۸ (تهران‌نو),R08,مپنا,1396,8,بازگشتی,66.3,16172158,24665203,4011377,F06-پیری,1,56,0.89,77.3,2.03,797,35.74095,51.48986,2026-07-27,بازسازی,0.88,16.8
THR-R17-RL-00094,رله حفاظتی,منطقه ۱۷ (آذری),R17,ایران ترانسفو,1386,18,فعال,62.3,19693088,47200944,0,F00-بدون خطا,3,496,0.81,52.3,1.23,1505,35.66484,51.35171,,,,0.5
THR-R14-TR-00095,ترانسفورماتور توزیع,منطقه ۱۴ (نبرد),R14,فولاد مبارکه,1399,5,فعال,74.2,438182204,497934323,0,F00-بدون خطا,1,522,0.78,58.9,4.16,1260,35.66674,51.44732,,,,15.4
THR-R22-CBM-00096,کابل فشار متوسط,منطقه ۲۲ (چیتگر),R22,آریا رله,1402,2,بازگشتی,79.1,25197427,29379851,4264783,F01-حرارتی,1,346,0.7,82.9,4.97,554,35.76251,51.1973,2026-06-19,تعمیر,0.86,25.8
THR-R13-IN-00097,مقره,منطقه ۱۳ (پیروزی),R13,پارس سوئیچ,1378,26,بازگشتی,28.9,2446109,8861463,1041334,F04-الکتریکی,0,545,0.72,84.6,0.99,1561,35.68748,51.47947,2026-07-08,بازیافت,0.75,1.7
THR-R16-CB-00098,کلید قدرت,منطقه ۱۶ (علی‌آباد),R16,آریا رله,1402,2,فعال,79.5,177999415,211917394,0,F00-بدون خطا,0,463,0.67,82.5,5.61,2065,35.66355,51.42221,,,,15.6
THR-R04-TR-00099,ترانسفورماتور توزیع,منطقه ۴ (تهرانپارس),R04,آریا رله,1398,6,بازگشتی,79.9,310038080,409996030,103756462,F06-پیری,0,579,0.79,50.6,2.6,136,35.7265,51.50103,2026-07-17,تعمیر,0.88,15.4
THR-R14-TR-00100,ترانسفورماتور توزیع,منطقه ۱۴ (نبرد),R14,پارس سوئیچ,1381,23,فعال,35.9,169512255,448031587,0,F00-بدون خطا,5,525,0.74,57.3,0.94,1275,35.67629,51.4793,,,,1.0
THR-R17-RL-00101,رله حفاظتی,منطقه ۱۷ (آذری),R17,فولاد مبارکه,1391,13,بازسازی شده,52.4,33994938,53177413,0,F00-بدون خطا,1,579,0.64,67.2,4.38,672,35.67494,51.3849,,,,2.5
THR-R13-TR-00102,ترانسفورماتور توزیع,منطقه ۱۳ (پیروزی),R13,آریا رله,1397,7,فعال,64.8,337971422,461883195,0,F00-بدون خطا,0,439,0.5,62.2,2.44,1472,35.71188,51.46694,,,,13.4
THR-R17-TR-00103,ترانسفورماتور توزیع,منطقه ۱۷ (آذری),R17,مپنا,1378,26,فعال,19.4,75405478,410682580,0,F00-بدون خطا,6,608,0.77,56.7,6.21,2085,35.63589,51.38439,,,,0.5
THR-R05-TR-00104,ترانسفورماتور توزیع,منطقه ۵ (پونک/جنت‌آباد),R05,آریا رله,1393,11,فعال,46.2,368099418,532538823,0,F00-بدون خطا,1,208,0.53,87.6,2.12,1058,35.75837,51.32567,,,,6.2
THR-R19-TR-00105,ترانسفورماتور توزیع,منطقه ۱۹ (عبدالله‌آباد),R19,پارس الکتریک,1402,2,فعال,79.1,428599130,487044467,0,F00-بدون خطا,1,405,0.54,79.2,2.8,1661,35.62063,51.34653,,,,17.6
THR-R22-RL-00106,رله حفاظتی,منطقه ۲۲ (چیتگر),R22,پارس سوئیچ,1398,6,امحا شده,61.6,42562783,49896278,0,F00-بدون خطا,0,529,0.56,57.0,3.86,1439,35.72269,51.21579,,,,4.9
THR-R04-IN-00107,مقره,منطقه ۴ (تهرانپارس),R04,پارس الکتریک,1392,12,فعال,66.2,5221846,7419568,0,F00-بدون خطا,0,162,0.71,51.5,3.13,1759,35.75887,51.50828,,,,12.6
THR-R21-CBM-00108,کابل فشار متوسط,منطقه ۲۱ (تهرانسر),R21,مپنا,1380,24,فعال,40.3,5837411,27925650,0,F00-بدون خطا,2,422,0.55,75.3,1.23,408,35.69979,51.22905,,,,3.6
THR-R11-IN-00109,مقره,منطقه ۱۱ (انقلاب),R11,پارس الکتریک,1395,9,فعال,63.0,6327034,8353407,0,F00-بدون خطا,2,514,0.72,58.7,5.81,227,35.69462,51.41623,,,,14.8
THR-R20-TR-00110,ترانسفورماتور توزیع,منطقه ۲۰ (شهرری),R20,فولاد مبارکه,1398,6,بازگشتی,60.3,421857874,519828533,182337904,F02-عایق,0,115,0.77,72.7,5.09,491,35.60042,51.45685,2026-07-31,بازسازی,0.88,12.8
THR-R06-RL-00111,رله حفاظتی,منطقه ۶ (یوسف‌آباد),R06,آریا رله,1378,26,فعال,32.1,10325633,45024104,0,F00-بدون خطا,2,398,0.69,48.3,2.44,1844,35.74218,51.38304,,,,0.5
THR-R05-TR-00112,ترانسفورماتور توزیع,منطقه ۵ (پونک/جنت‌آباد),R05,ایران ترانسفو,1391,13,بازگشتی,60.9,291997512,490294826,62350021,F02-عایق,1,639,0.5,78.4,3.89,1646,35.7667,51.322,2026-07-08,بازسازی,0.9,7.4
THR-R22-TR-00113,ترانسفورماتور توزیع,منطقه ۲۲ (چیتگر),R22,آریا رله,1396,8,فعال,61.4,362874934,490403955,0,F00-بدون خطا,2,485,0.48,60.0,4.84,1125,35.7616,51.18013,,,,10.7
THR-R22-TR-00114,ترانسفورماتور توزیع,منطقه ۲۲ (چیتگر),R22,فولاد مبارکه,1392,12,بازیافت شده,63.1,280343327,451694212,0,F00-بدون خطا,0,368,0.86,86.9,6.32,1305,35.74605,51.17729,,,,7.4
THR-R21-CBM-00115,کابل فشار متوسط,منطقه ۲۱ (تهرانسر),R21,فولاد مبارکه,1400,4,فعال,69.1,24152306,28186973,0,F00-بدون خطا,0,509,0.81,75.3,3.34,516,35.67623,51.22611,,,,21.3
THR-R08-TR-00116,ترانسفورماتور توزیع,منطقه ۸ (تهران‌نو),R08,آریا رله,1389,15,بازگشتی,34.2,195435727,427089215,79372592,F01-حرارتی,3,23,0.77,74.2,2.36,280,35.73968,51.48604,2026-06-01,بازیافت,0.73,0.8
THR-R20-RL-00117,رله حفاظتی,منطقه ۲۰ (شهرری),R20,پارس سوئیچ,1387,17,در تعمیر,54.5,21653905,46166318,7576037,F05-رطوبت,2,666,0.56,56.5,0.98,858,35.58488,51.42871,,بازسازی,0.91,0.5
THR-R20-TR-00118,ترانسفورماتور توزیع,منطقه ۲۰ (شهرری),R20,پارس الکتریک,1402,2,در تعمیر,82.7,433743718,521688363,125939902,F06-پیری,0,676,0.82,78.8,5.62,241,35.61341,51.42428,,تعمیر,0.94,20.8
THR-R10-RL-00119,رله حفاظتی,منطقه ۱۰ (آزادی),R10,آریا رله,1379,25,بازگشتی,37.6,13377235,42271805,1761907,F01-حرارتی,2,440,0.51,75.4,3.25,799,35.71104,51.36583,2026-08-31,بازیافت,0.74,0.5
THR-R05-RL-00120,رله حفاظتی,منطقه ۵ (پونک/جنت‌آباد),R05,فولاد مبارکه,1389,15,بازگشتی,62.0,21841354,41366820,7196938,F02-عایق,2,317,0.66,48.5,1.21,1467,35.74845,51.33488,2026-06-15,بازسازی,0.83,0.5
THR-R04-CB-00121,کلید قدرت,منطقه ۴ (تهرانپارس),R04,پارس الکتریک,1380,24,فعال,31.0,30483266,194401109,0,F00-بدون خطا,6,705,0.47,67.2,1.4,1707,35.72958,51.52975,,,,0.5
THR-R18-TR-00122,ترانسفورماتور توزیع,منطقه ۱۸ (یافت‌آباد),R18,آریا رله,1390,14,فعال,62.4,272467688,488451024,0,F00-بدون خطا,3,703,0.45,61.1,3.75,1153,35.65012,51.30298,,,,5.5
THR-R19-TR-00123,ترانسفورماتور توزیع,منطقه ۱۹ (عبدالله‌آباد),R19,فولاد مبارکه,1398,6,بازیافت شده,73.4,306252223,409482419,0,F00-بدون خطا,0,40,0.77,80.0,1.94,1423,35.59893,51.35485,,,,14.2
THR-R20-TR-00124,ترانسفورماتور توزیع,منطقه ۲۰ (شهرری),R20,پارس الکتریک,1380,24,بازگشتی,20.1,142410727,409264129,65086887,F06-پیری,2,433,0.86,76.6,5.37,557,35.5676,51.44206,2026-09-08,امحا,0.91,1.3
THR-R02-CBM-00125,کابل فشار متوسط,منطقه ۲ (سعادت‌آباد),R02,پارس سوئیچ,1387,17,امحا شده,60.7,10331588,23100861,0,F00-بدون خطا,0,565,0.75,69.1,4.97,635,35.79974,51.38238,,,,10.7
THR-R13-CB-00126,کلید قدرت,منطقه ۱۳ (پیروزی),R13,فولاد مبارکه,1399,5,بازیافت شده,79.0,162542009,209076312,0,F00-بدون خطا,0,685,0.61,55.3,5.3,485,35.68596,51.50379,,,,11.3
THR-R16-CB-00127,کلید قدرت,منطقه ۱۶ (علی‌آباد),R16,فولاد مبارکه,1386,18,فعال,44.0,106192060,191989631,0,F00-بدون خطا,1,470,0.77,50.9,0.97,1047,35.65096,51.38642,,,,0.5
THR-R12-TR-00128,ترانسفورماتور توزیع,منطقه ۱۲ (بازار),R12,فولاد مبارکه,1399,5,فعال,76.0,416275280,522216788,0,F00-بدون خطا,0,297,0.65,61.8,2.91,857,35.68636,51.43214,,,,13.2
THR-R04-CBM-00129,کابل فشار متوسط,منطقه ۴ (تهرانپارس),R04,ایران ترانسفو,1392,12,فعال,61.6,17185036,25789615,0,F00-بدون خطا,0,356,0.73,84.5,2.0,1077,35.75126,51.51933,,,,12.2
THR-R05-RL-00130,رله حفاظتی,منطقه ۵ (پونک/جنت‌آباد),R05,پارس سوئیچ,1384,20,فعال,38.4,23375501,50397025,0,F00-بدون خطا,4,253,0.88,55.2,2.15,1425,35.74158,51.33079,,,,0.5
THR-R05-RL-00131,رله حفاظتی,منطقه ۵ (پونک/جنت‌آباد),R05,مپنا,1397,7,فعال,70.1,35624047,43837619,0,F00-بدون خطا,0,271,0.73,54.5,3.03,794,35.77854,51.31727,,,,2.9
THR-R04-RL-00132,رله حفاظتی,منطقه ۴ (تهرانپارس),R04,پارس سوئیچ,1378,26,فعال,29.3,8011423,50941887,0,F00-بدون خطا,6,617,0.66,57.4,1.22,1406,35.72154,51.54349,,,,0.5
THR-R01-TR-00133,ترانسفورماتور توزیع,منطقه ۱ (تجریش/نیاوران),R01,ایران ترانسفو,1379,25,فعال,27.1,83724750,450495428,0,F00-بدون خطا,4,80,0.78,54.7,1.76,2030,35.82084,51.43074,,,,0.8
THR-R15-RL-00134,رله حفاظتی,منطقه ۱۵ (خاوران),R15,مپنا,1394,10,بازگشتی,46.9,33935938,51896301,13915134,F05-رطوبت,0,59,0.5,58.8,1.13,1315,35.64427,51.47841,2026-07-29,بازسازی,0.81,4.8
THR-R21-CBM-00135,کابل فشار متوسط,منطقه ۲۱ (تهرانسر),R21,پارس الکتریک,1379,25,امحا شده,32.3,5757974,22795076,0,F00-بدون خطا,3,125,0.69,49.7,1.65,2088,35.68111,51.24761,,,,3.0
THR-R15-TR-00136,ترانسفورماتور توزیع,منطقه ۱۵ (خاوران),R15,پارس سوئیچ,1380,24,فعال,38.2,151024684,466389880,0,F00-بدون خطا,0,296,0.76,53.6,0.97,1411,35.64078,51.45944,,,,0.8
THR-R13-CBM-00137,کابل فشار متوسط,منطقه ۱۳ (پیروزی),R13,پارس الکتریک,1394,10,فعال,66.9,14840703,24013900,0,F00-بدون خطا,0,132,0.66,82.7,1.81,960,35.70867,51.5035,,,,17.0
THR-R14-CB-00138,کلید قدرت,منطقه ۱۴ (نبرد),R14,فولاد مبارکه,1385,19,فعال,33.9,98304451,213009167,0,F00-بدون خطا,3,112,0.74,82.8,4.05,1360,35.67916,51.45986,,,,0.9
THR-R14-TR-00139,ترانسفورماتور توزیع,منطقه ۱۴ (نبرد),R14,ایران ترانسفو,1386,18,فعال,56.0,219381251,434116145,0,F00-بدون خطا,3,108,0.76,88.0,1.07,429,35.67794,51.45469,,,,3.0
THR-R03-TR-00140,ترانسفورماتور توزیع,منطقه ۳ (ونک/الهیه),R03,مپنا,1401,3,در تعمیر,81.1,450854005,522551715,181089467,F05-رطوبت,0,590,0.64,61.1,4.61,1430,35.76035,51.42192,,بازسازی,0.91,18.2
THR-R22-TR-00141,ترانسفورماتور توزیع,منطقه ۲۲ (چیتگر),R22,آریا رله,1389,15,بازسازی شده,52.3,289708299,512704842,0,F00-بدون خطا,0,629,0.45,61.0,2.89,1359,35.73678,51.21589,,,,5.4
THR-R12-TR-00142,ترانسفورماتور توزیع,منطقه ۱۲ (بازار),R12,ایران ترانسفو,1394,10,فعال,49.8,342965822,457455343,0,F00-بدون خطا,0,373,0.63,57.1,1.22,1585,35.67243,51.40688,,,,6.4
THR-R04-RL-00143,رله حفاظتی,منطقه ۴ (تهرانپارس),R04,مپنا,1396,8,فعال,75.3,37941765,48863119,0,F00-بدون خطا,2,643,0.68,49.0,2.75,187,35.73817,51.51399,,,,5.3
THR-R20-CBM-00144,کابل فشار متوسط,منطقه ۲۰ (شهرری),R20,پارس الکتریک,1400,4,فعال,85.6,20635791,26851292,0,F00-بدون خطا,1,331,0.81,80.5,4.89,1471,35.59168,51.4454,,,,24.6
THR-R12-TR-00145,ترانسفورماتور توزیع,منطقه ۱۲ (بازار),R12,پارس الکتریک,1382,22,بازگشتی,38.9,152404882,437870110,69151038,F01-حرارتی,1,663,0.57,59.4,2.55,205,35.65301,51.44172,2026-09-14,بازیافت,0.81,0.5
THR-R17-TR-00146,ترانسفورماتور توزیع,منطقه ۱۷ (آذری),R17,آریا رله,1391,13,فعال,55.5,265978424,447026539,0,F00-بدون خطا,2,347,0.58,64.5,1.49,427,35.66552,51.37081,,,,8.3
THR-R02-TR-00147,ترانسفورماتور توزیع,منطقه ۲ (سعادت‌آباد),R02,پارس الکتریک,1402,2,بازگشتی,88.2,363172878,429494176,112241780,F03-مکانیکی,1,449,0.68,80.2,3.94,2069,35.79045,51.36034,2026-07-10,تعمیر,0.96,18.4
THR-R15-TR-00148,ترانسفورماتور توزیع,منطقه ۱۵ (خاوران),R15,ایران ترانسفو,1384,20,در تعمیر,49.5,211381370,533439451,71146795,F03-مکانیکی,3,305,0.55,72.4,3.14,2073,35.65596,51.47921,,بازسازی,0.81,2.0
THR-R17-RL-00149,رله حفاظتی,منطقه ۱۷ (آذری),R17,پارس سوئیچ,1379,25,فعال,25.5,10991080,51037094,0,F00-بدون خطا,0,323,0.49,73.0,3.38,945,35.64874,51.37613,,,,0.5
THR-R05-RL-00150,رله حفاظتی,منطقه ۵ (پونک/جنت‌آباد),R05,پارس الکتریک,1387,17,فعال,45.7,20916668,50447795,0,F00-بدون خطا,3,455,0.49,48.9,4.46,799,35.77814,51.30584,,,,0.5
THR-R05-TR-00151,ترانسفورماتور توزیع,منطقه ۵ (پونک/جنت‌آباد),R05,فولاد مبارکه,1400,4,فعال,81.3,383955314,436312857,0,F00-بدون خطا,0,58,0.51,75.8,3.1,1866,35.75455,51.32472,,,,17.5
THR-R01-CB-00152,کلید قدرت,منطقه ۱ (تجریش/نیاوران),R01,فولاد مبارکه,1380,24,بازسازی شده,28.6,72156819,199391552,0,F00-بدون خطا,4,670,0.5,77.0,4.1,1790,35.82896,51.41562,,,,0.5
THR-R10-TR-00153,ترانسفورماتور توزیع,منطقه ۱۰ (آزادی),R10,مپنا,1378,26,امحا شده,27.4,88236966,416563863,0,F00-بدون خطا,6,486,0.62,50.8,3.76,1562,35.70971,51.34459,,,,0.5
THR-R03-TR-00154,ترانسفورماتور توزیع,منطقه ۳ (ونک/الهیه),R03,ایران ترانسفو,1381,23,فعال,25.0,166409044,523810676,0,F00-بدون خطا,4,420,0.6,61.3,4.62,1350,35.76454,51.41165,,,,0.5
THR-R11-TR-00155,ترانسفورماتور توزیع,منطقه ۱۱ (انقلاب),R11,آریا رله,1402,2,فعال,97.2,411666426,467802757,0,F00-بدون خطا,0,374,0.7,51.9,3.37,684,35.66801,51.40311,,,,21.2
THR-R08-TR-00156,ترانسفورماتور توزیع,منطقه ۸ (تهران‌نو),R08,پارس سوئیچ,1386,18,فعال,52.2,202468681,494763082,0,F00-بدون خطا,0,658,0.56,64.0,1.67,2103,35.74477,51.52136,,,,5.1
THR-R15-RL-00157,رله حفاظتی,منطقه ۱۵ (خاوران),R15,پارس سوئیچ,1402,2,بازگشتی,87.5,41828980,47532932,14409700,F06-پیری,1,465,0.78,49.4,2.53,359,35.61946,51.47276,2026-07-27,تعمیر,0.93,11.5
THR-R15-CB-00158,کلید قدرت,منطقه ۱۵ (خاوران),R15,آریا رله,1386,18,بازگشتی,43.0,67810280,166732708,31009967,F05-رطوبت,0,487,0.66,72.0,3.74,1931,35.64269,51.45028,2026-09-21,بازیافت,0.79,0.5
THR-R02-TR-00159,ترانسفورماتور توزیع,منطقه ۲ (سعادت‌آباد),R02,مپنا,1387,17,فعال,52.3,278053058,538941332,0,F00-بدون خطا,4,534,0.86,82.7,5.39,1654,35.79757,51.36543,,,,3.7
THR-R15-CB-00160,کلید قدرت,منطقه ۱۵ (خاوران),R15,آریا رله,1401,3,بازسازی شده,82.0,138518610,166369641,0,F00-بدون خطا,0,634,0.78,61.8,6.36,2028,35.63515,51.44368,,,,15.1
THR-R17-TR-00161,ترانسفورماتور توزیع,منطقه ۱۷ (آذری),R17,ایران ترانسفو,1379,25,فعال,38.2,115759983,422890830,0,F00-بدون خطا,5,531,0.81,55.0,3.66,786,35.6781,51.38114,,,,3.0
THR-R02-TR-00162,ترانسفورماتور توزیع,منطقه ۲ (سعادت‌آباد),R02,آریا رله,1392,12,امحا شده,57.4,254923981,454617147,0,F00-بدون خطا,2,304,0.51,86.5,3.93,1666,35.75841,51.35629,,,,7.1
THR-R14-RL-00163,رله حفاظتی,منطقه ۱۴ (نبرد),R14,ایران ترانسفو,1399,5,بازگشتی,70.9,37302271,44709517,11273159,F01-حرارتی,1,586,0.76,54.1,1.15,1663,35.66698,51.44028,2026-08-20,تعمیر,0.91,5.6
THR-R09-RL-00164,رله حفاظتی,منطقه ۹ (مهرآباد),R09,ایران ترانسفو,1399,5,امحا شده,79.3,33000419,41285211,0,F00-بدون خطا,1,611,0.78,87.3,2.16,659,35.71474,51.29789,,,,9.7
THR-R12-TR-00165,ترانسفورماتور توزیع,منطقه ۱۲ (بازار),R12,آریا رله,1398,6,بازگشتی,61.5,382243296,498441781,54441019,F02-عایق,0,587,0.74,69.1,3.23,1622,35.67547,51.44483,2026-07-05,بازسازی,0.83,12.2
THR-R11-IN-00166,مقره,منطقه ۱۱ (انقلاب),R11,مپنا,1399,5,بازگشتی,87.0,5994525,8082622,1613047,F06-پیری,1,385,0.46,64.6,3.54,154,35.70638,51.41168,2026-08-10,تعمیر,0.93,21.5
THR-R10-TR-00167,ترانسفورماتور توزیع,منطقه ۱۰ (آزادی),R10,پارس سوئیچ,1384,20,فعال,32.6,195483831,477266867,0,F00-بدون خطا,1,155,0.71,66.2,5.61,714,35.67576,51.33561,,,,0.5
THR-R03-TR-00168,ترانسفورماتور توزیع,منطقه ۳ (ونک/الهیه),R03,آریا رله,1381,23,فعال,39.5,129547938,425256569,0,F00-بدون خطا,5,647,0.67,63.0,3.05,616,35.74823,51.42187,,,,0.5
THR-R20-TR-00169,ترانسفورماتور توزیع,منطقه ۲۰ (شهرری),R20,فولاد مبارکه,1383,21,فعال,52.7,184706916,525431433,0,F00-بدون خطا,5,59,0.66,58.2,5.59,1762,35.61277,51.45435,,,,3.5
THR-R12-RL-00170,رله حفاظتی,منطقه ۱۲ (بازار),R12,پارس سوئیچ,1385,19,امحا شده,33.1,25978422,49401277,0,F00-بدون خطا,3,561,0.74,50.7,3.75,1059,35.69476,51.42683,,,,0.5
THR-R10-CBM-00171,کابل فشار متوسط,منطقه ۱۰ (آزادی),R10,پارس الکتریک,1393,11,بازیافت شده,65.6,16018740,26341664,0,F00-بدون خطا,1,599,0.48,50.9,0.87,1884,35.69901,51.33708,,,,16.0
THR-R15-RL-00172,رله حفاظتی,منطقه ۱۵ (خاوران),R15,پارس سوئیچ,1402,2,فعال,71.2,37381648,45220993,0,F00-بدون خطا,0,634,0.54,55.0,1.36,646,35.65373,51.46807,,,,8.1
THR-R09-TR-00173,ترانسفورماتور توزیع,منطقه ۹ (مهرآباد),R09,مپنا,1393,11,بازسازی شده,74.4,298826630,440781267,0,F00-بدون خطا,2,142,0.63,56.2,1.49,1247,35.66605,51.29911,,,,11.1
THR-R03-RL-00174,رله حفاظتی,منطقه ۳ (ونک/الهیه),R03,ایران ترانسفو,1386,18,فعال,57.7,25206820,49192707,0,F00-بدون خطا,3,242,0.91,79.9,2.47,1927,35.75852,51.3871,,,,0.5
THR-R12-CBM-00175,کابل فشار متوسط,منطقه ۱۲ (بازار),R12,فولاد مبارکه,1391,13,فعال,55.2,16105576,26868169,0,F00-بدون خطا,1,98,0.61,85.1,2.08,1615,35.6874,51.43559,,,,11.1
THR-R08-TR-00176,ترانسفورماتور توزیع,منطقه ۸ (تهران‌نو),R08,پارس سوئیچ,1381,23,بازسازی شده,36.6,117825546,464319673,0,F00-بدون خطا,1,54,0.56,52.9,1.93,1255,35.73565,51.52215,,,,0.5
THR-R16-RL-00177,رله حفاظتی,منطقه ۱۶ (علی‌آباد),R16,ایران ترانسفو,1382,22,در تعمیر,35.3,16625448,44359741,6878627,F04-الکتریکی,4,96,0.67,81.7,4.95,157,35.65807,51.41733,,بازیافت,0.86,0.5
THR-R09-TR-00178,ترانسفورماتور توزیع,منطقه ۹ (مهرآباد),R09,پارس سوئیچ,1382,22,بازگشتی,35.1,157487504,428952883,49799074,F01-حرارتی,2,323,0.53,53.3,4.94,579,35.71423,51.34187,2026-09-19,بازیافت,0.73,2.5
THR-R08-TR-00179,ترانسفورماتور توزیع,منطقه ۸ (تهران‌نو),R08,مپنا,1397,7,فعال,69.1,370736759,473290113,0,F00-بدون خطا,1,563,0.69,59.9,4.02,147,35.74704,51.51164,,,,15.2
THR-R21-CB-00180,کلید قدرت,منطقه ۲۱ (تهرانسر),R21,مپنا,1385,19,بازگشتی,50.7,89474666,196359733,35253354,F04-الکتریکی,0,376,0.57,77.1,6.45,1065,35.683,51.24808,2026-07-14,بازسازی,0.78,1.0
THR-R14-TR-00181,ترانسفورماتور توزیع,منطقه ۱۴ (نبرد),R14,مپنا,1399,5,فعال,69.8,393721502,513009580,0,F00-بدون خطا,0,572,0.54,62.2,5.27,2158,35.6552,51.46275,,,,14.8
THR-R17-CB-00182,کلید قدرت,منطقه ۱۷ (آذری),R17,آریا رله,1390,14,بازسازی شده,70.2,111965272,203093501,0,F00-بدون خطا,3,274,0.55,86.3,2.9,146,35.63677,51.37229,,,,4.2
THR-R12-RL-00183,رله حفاظتی,منطقه ۱۲ (بازار),R12,پارس سوئیچ,1389,15,فعال,49.4,22675504,44625656,0,F00-بدون خطا,2,60,0.79,83.4,4.18,1523,35.69383,51.44482,,,,0.5
THR-R18-TR-00184,ترانسفورماتور توزیع,منطقه ۱۸ (یافت‌آباد),R18,پارس الکتریک,1398,6,فعال,49.6,354764674,498908449,0,F00-بدون خطا,1,201,0.62,79.8,1.33,632,35.61516,51.30598,,,,7.3
THR-R03-RL-00185,رله حفاظتی,منطقه ۳ (ونک/الهیه),R03,پارس سوئیچ,1392,12,فعال,55.4,36480747,49171394,0,F00-بدون خطا,0,57,0.73,75.1,5.39,1372,35.73524,51.414,,,,3.9
THR-R10-CB-00186,کلید قدرت,منطقه ۱۰ (آزادی),R10,پارس سوئیچ,1395,9,فعال,84.2,139208098,188905806,0,F00-بدون خطا,2,307,0.61,79.4,4.83,1542,35.66885,51.33793,,,,8.6
THR-R02-IN-00187,مقره,منطقه ۲ (سعادت‌آباد),R02,فولاد مبارکه,1388,16,فعال,49.1,4754711,8256477,0,F00-بدون خطا,3,465,0.55,71.9,4.99,1663,35.76237,51.37141,,,,5.9
THR-R11-CBM-00188,کابل فشار متوسط,منطقه ۱۱ (انقلاب),R11,ایران ترانسفو,1393,11,بازگشتی,57.8,16111647,27271330,6490328,F05-رطوبت,1,449,0.63,70.9,4.15,403,35.67092,51.3955,2026-08-01,بازسازی,0.91,16.1
THR-R20-CBM-00189,کابل فشار متوسط,منطقه ۲۰ (شهرری),R20,آریا رله,1383,21,بازگشتی,34.0,7653181,25008834,990557,F01-حرارتی,0,691,0.89,58.4,3.25,1290,35.56621,51.45658,2026-08-17,بازیافت,0.77,4.9
THR-R15-CB-00190,کلید قدرت,منطقه ۱۵ (خاوران),R15,فولاد مبارکه,1391,13,فعال,37.6,114226403,186742091,0,F00-بدون خطا,2,58,0.49,77.1,3.63,1524,35.63915,51.44167,,,,2.0
THR-R20-CBM-00191,کابل فشار متوسط,منطقه ۲۰ (شهرری),R20,آریا رله,1386,18,بازگشتی,63.5,11950189,28241346,2117656,F01-حرارتی,3,540,0.48,50.3,2.41,735,35.59551,51.42177,2026-09-22,بازسازی,0.92,11.7
THR-R05-IN-00192,مقره,منطقه ۵ (پونک/جنت‌آباد),R05,پارس سوئیچ,1399,5,در تعمیر,87.3,7182203,9375010,1507089,F02-عایق,0,675,0.82,50.6,3.58,1580,35.7486,51.33297,,تعمیر,0.89,20.8
THR-R12-TR-00193,ترانسفورماتور توزیع,منطقه ۱۲ (بازار),R12,فولاد مبارکه,1396,8,فعال,48.8,348047742,451891349,0,F00-بدون خطا,2,394,0.71,85.5,1.1,1603,35.69499,51.39609,,,,8.6
THR-R15-RL-00194,رله حفاظتی,منطقه ۱۵ (خاوران),R15,آریا رله,1396,8,فعال,65.9,32630810,50366083,0,F00-بدون خطا,1,680,0.76,55.9,4.02,1221,35.66406,51.44783,,,,4.0
THR-R08-CBM-00195,کابل فشار متوسط,منطقه ۸ (تهران‌نو),R08,مپنا,1378,26,در تعمیر,28.1,5959967,27063954,1465092,F05-رطوبت,3,135,0.71,68.9,1.45,1152,35.7107,51.48256,,بازیافت,0.87,1.7
THR-R09-RL-00196,رله حفاظتی,منطقه ۹ (مهرآباد),R09,فولاد مبارکه,1384,20,امحا شده,33.5,17039213,41413522,0,F00-بدون خطا,5,219,0.49,66.3,3.56,582,35.70039,51.32218,,,,0.5
THR-R05-IN-00197,مقره,منطقه ۵ (پونک/جنت‌آباد),R05,پارس الکتریک,1392,12,فعال,57.3,5477601,8309509,0,F00-بدون خطا,0,342,0.69,80.3,3.42,1503,35.75559,51.32755,,,,9.5
THR-R03-CB-00198,کلید قدرت,منطقه ۳ (ونک/الهیه),R03,آریا رله,1387,17,بازسازی شده,49.9,75484249,170894143,0,F00-بدون خطا,1,535,0.69,56.2,5.8,998,35.74851,51.42284,,,,0.5
THR-R04-CBM-00199,کابل فشار متوسط,منطقه ۴ (تهرانپارس),R04,آریا رله,1382,22,فعال,30.5,7646411,29887422,0,F00-بدون خطا,0,582,0.88,69.5,3.64,1591,35.7536,51.49636,,,,3.9
THR-R15-IN-00200,مقره,منطقه ۱۵ (خاوران),R15,آریا رله,1395,9,فعال,63.2,6539810,9173047,0,F00-بدون خطا,0,422,0.9,56.2,3.78,2040,35.63402,51.47378,,,,12.4
THR-R17-TR-00201,ترانسفورماتور توزیع,منطقه ۱۷ (آذری),R17,آریا رله,1391,13,بازسازی شده,68.1,266888562,482975104,0,F00-بدون خطا,1,672,0.7,54.3,4.77,383,35.66673,51.3749,,,,9.1
THR-R15-CB-00202,کلید قدرت,منطقه ۱۵ (خاوران),R15,فولاد مبارکه,1394,10,فعال,62.5,132850569,208287679,0,F00-بدون خطا,0,529,0.91,53.6,1.95,306,35.66031,51.44885,,,,7.5
THR-R04-CB-00203,کلید قدرت,منطقه ۴ (تهرانپارس),R04,آریا رله,1387,17,فعال,38.7,91993275,185777464,0,F00-بدون خطا,1,546,0.69,86.7,3.18,1243,35.74576,51.49917,,,,1.4
THR-R03-TR-00204,ترانسفورماتور توزیع,منطقه ۳ (ونک/الهیه),R03,پارس الکتریک,1398,6,بازیافت شده,71.3,381977202,524060247,0,F00-بدون خطا,0,325,0.46,70.4,3.81,462,35.75337,51.39311,,,,14.1
THR-R17-CB-00205,کلید قدرت,منطقه ۱۷ (آذری),R17,پارس الکتریک,1396,8,بازیافت شده,72.8,123433855,166287955,0,F00-بدون خطا,0,654,0.7,76.4,2.59,1462,35.67157,51.34437,,,,9.1
THR-R19-TR-00206,ترانسفورماتور توزیع,منطقه ۱۹ (عبدالله‌آباد),R19,پارس سوئیچ,1378,26,فعال,29.8,134428867,467000801,0,F00-بدون خطا,5,600,0.84,61.4,1.79,1786,35.61289,51.35971,,,,0.5
THR-R20-CB-00207,کلید قدرت,منطقه ۲۰ (شهرری),R20,آریا رله,1393,11,بازسازی شده,65.6,112070000,167434423,0,F00-بدون خطا,2,509,0.8,74.0,4.34,1083,35.57699,51.4221,,,,5.1
THR-R22-TR-00208,ترانسفورماتور توزیع,منطقه ۲۲ (چیتگر),R22,فولاد مبارکه,1392,12,فعال,46.6,311126603,468623767,0,F00-بدون خطا,1,440,0.51,75.0,2.65,2063,35.76396,51.20671,,,,5.5
THR-R15-TR-00209,ترانسفورماتور توزیع,منطقه ۱۵ (خاوران),R15,فولاد مبارکه,1397,7,فعال,63.6,327482123,428608994,0,F00-بدون خطا,1,148,0.75,75.8,3.72,1597,35.65779,51.44636,,,,10.8
THR-R17-CB-00210,کلید قدرت,منطقه ۱۷ (آذری),R17,فولاد مبارکه,1388,16,فعال,60.6,74031372,163792225,0,F00-بدون خطا,2,268,0.89,82.8,5.17,657,35.6502,51.36766,,,,1.6
THR-R04-TR-00211,ترانسفورماتور توزیع,منطقه ۴ (تهرانپارس),R04,پارس سوئیچ,1390,14,بازسازی شده,54.7,270018502,440138725,0,F00-بدون خطا,1,350,0.66,66.4,5.73,1360,35.76036,51.52854,,,,4.9
THR-R07-RL-00212,رله حفاظتی,منطقه ۷ (بهار/شریعتی),R07,آریا رله,1393,11,امحا شده,57.1,28634743,53686804,0,F00-بدون خطا,1,524,0.47,77.6,6.03,174,35.70054,51.43613,,,,3.3
THR-R03-CBM-00213,کابل فشار متوسط,منطقه ۳ (ونک/الهیه),R03,مپنا,1394,10,فعال,69.7,16005752,24691636,0,F00-بدون خطا,0,376,0.58,82.9,1.44,279,35.77754,51.4227,,,,18.5
THR-R02-TR-00214,ترانسفورماتور توزیع,منطقه ۲ (سعادت‌آباد),R02,مپنا,1397,7,بازسازی شده,60.1,322873138,418032153,0,F00-بدون خطا,1,23,0.67,60.1,4.21,520,35.76709,51.35562,,,,13.0
THR-R14-TR-00215,ترانسفورماتور توزیع,منطقه ۱۴ (نبرد),R14,فولاد مبارکه,1386,18,در تعمیر,32.8,198397961,505331081,27246273,F03-مکانیکی,0,67,0.54,51.2,2.17,877,35.69014,51.47761,,بازیافت,0.88,3.4
THR-R12-CB-00216,کلید قدرت,منطقه ۱۲ (بازار),R12,مپنا,1380,24,فعال,42.3,46570836,165436609,0,F00-بدون خطا,6,301,0.5,51.8,5.98,566,35.69157,51.42495,,,,0.5
THR-R05-CBM-00217,کابل فشار متوسط,منطقه ۵ (پونک/جنت‌آباد),R05,پارس سوئیچ,1390,14,فعال,60.4,16962426,29092341,0,F00-بدون خطا,2,218,0.65,79.0,4.23,2165,35.76359,51.32087,,,,10.5
THR-R13-CB-00218,کلید قدرت,منطقه ۱۳ (پیروزی),R13,فولاد مبارکه,1379,25,فعال,24.0,47357078,194782837,0,F00-بدون خطا,6,546,0.78,57.5,3.72,1951,35.70657,51.48458,,,,0.5
THR-R05-CB-00219,کلید قدرت,منطقه ۵ (پونک/جنت‌آباد),R05,فولاد مبارکه,1394,10,فعال,59.0,118243192,188334021,0,F00-بدون خطا,0,646,0.69,73.4,1.2,1305,35.76761,51.34253,,,,7.7
THR-R19-TR-00220,ترانسفورماتور توزیع,منطقه ۱۹ (عبدالله‌آباد),R19,آریا رله,1394,10,بازگشتی,65.9,296684010,468786602,40477652,F04-الکتریکی,0,354,0.61,67.3,1.92,528,35.602,51.34884,2026-08-03,بازسازی,0.93,8.3
THR-R19-TR-00221,ترانسفورماتور توزیع,منطقه ۱۹ (عبدالله‌آباد),R19,آریا رله,1401,3,بازسازی شده,69.7,380990718,432943998,0,F00-بدون خطا,1,686,0.72,68.5,2.47,1012,35.62083,51.33528,,,,16.6
THR-R02-CB-00222,کلید قدرت,منطقه ۲ (سعادت‌آباد),R02,پارس سوئیچ,1383,21,بازگشتی,30.3,59011758,166703009,20190515,F02-عایق,5,47,0.86,67.7,4.8,530,35.76069,51.37226,2026-09-01,بازیافت,0.81,0.5
THR-R01-TR-00223,ترانسفورماتور توزیع,منطقه ۱ (تجریش/نیاوران),R01,مپنا,1391,13,فعال,52.0,235738050,461946804,0,F00-بدون خطا,3,641,0.6,81.0,6.24,2011,35.79995,51.45458,,,,7.2
THR-R02-RL-00224,رله حفاظتی,منطقه ۲ (سعادت‌آباد),R02,فولاد مبارکه,1394,10,فعال,73.3,28402861,43977697,0,F00-بدون خطا,2,553,0.77,52.6,2.99,1623,35.75798,51.38519,,,,3.8
THR-R11-CBM-00225,کابل فشار متوسط,منطقه ۱۱ (انقلاب),R11,پارس الکتریک,1392,12,بازیافت شده,39.6,13530634,23407687,0,F00-بدون خطا,2,712,0.76,75.1,2.86,1162,35.68595,51.41256,,,,9.7
THR-R20-CB-00226,کلید قدرت,منطقه ۲۰ (شهرری),R20,آریا رله,1385,19,فعال,40.8,81106074,196349186,0,F00-بدون خطا,1,310,0.86,77.0,1.49,929,35.61066,51.44563,,,,0.5
THR-R16-TR-00227,ترانسفورماتور توزیع,منطقه ۱۶ (علی‌آباد),R16,مپنا,1389,15,بازگشتی,41.4,217694520,406580392,59198178,F03-مکانیکی,0,707,0.71,61.7,4.96,1635,35.62975,51.3993,2026-06-03,بازیافت,0.74,3.5
THR-R13-IN-00228,مقره,منطقه ۱۳ (پیروزی),R13,پارس الکتریک,1402,2,در تعمیر,78.5,7798544,8861982,2142846,F01-حرارتی,1,95,0.82,65.9,5.35,1498,35.70865,51.46877,,تعمیر,0.88,22.5
THR-R15-RL-00229,رله حفاظتی,منطقه ۱۵ (خاوران),R15,مپنا,1401,3,فعال,81.0,46477602,52874575,0,F00-بدون خطا,1,293,0.73,76.2,4.72,642,35.63655,51.45094,,,,7.5
THR-R04-CB-00230,کلید قدرت,منطقه ۴ (تهرانپارس),R04,مپنا,1396,8,فعال,80.6,124385472,185248584,0,F00-بدون خطا,2,246,0.61,54.2,0.95,1033,35.72213,51.5395,,,,9.2
THR-R02-TR-00231,ترانسفورماتور توزیع,منطقه ۲ (سعادت‌آباد),R02,ایران ترانسفو,1388,16,بازگشتی,64.9,257864127,450981562,37600787,F06-پیری,1,578,0.55,87.5,3.39,726,35.77548,51.37056,2026-08-04,بازسازی,0.83,7.0
THR-R21-CBM-00232,کابل فشار متوسط,منطقه ۲۱ (تهرانسر),R21,آریا رله,1393,11,فعال,74.8,15724884,26141922,0,F00-بدون خطا,1,307,0.9,63.4,1.02,322,35.67638,51.25027,,,,18.5
THR-R03-RL-00233,رله حفاظتی,منطقه ۳ (ونک/الهیه),R03,پارس سوئیچ,1385,19,بازگشتی,47.4,17042780,42660336,2188408,F02-عایق,3,52,0.9,60.6,5.86,1706,35.76981,51.40793,2026-06-17,بازسازی,0.8,0.5
THR-R16-TR-00234,ترانسفورماتور توزیع,منطقه ۱۶ (علی‌آباد),R16,ایران ترانسفو,1401,3,امحا شده,73.3,473300763,537841777,0,F00-بدون خطا,0,320,0.63,63.4,2.74,519,35.62942,51.42306,,,,16.6
THR-R11-TR-00235,ترانسفورماتور توزیع,منطقه ۱۱ (انقلاب),R11,آریا رله,1398,6,بازگشتی,56.8,378594176,479751050,119262364,F02-عایق,1,212,0.54,50.3,2.75,541,35.7031,51.41668,2026-08-14,بازسازی,0.82,8.6
THR-R06-RL-00236,رله حفاظتی,منطقه ۶ (یوسف‌آباد),R06,پارس الکتریک,1398,6,فعال,68.1,33015393,48336312,0,F00-بدون خطا,0,360,0.74,67.6,3.09,1288,35.71196,51.3972,,,,7.0
THR-R19-RL-00237,رله حفاظتی,منطقه ۱۹ (عبدالله‌آباد),R19,مپنا,1384,20,فعال,45.8,23848872,48878916,0,F00-بدون خطا,3,350,0.71,57.1,6.29,435,35.60507,51.35476,,,,0.5
THR-R13-RL-00238,رله حفاظتی,منطقه ۱۳ (پیروزی),R13,پارس سوئیچ,1383,21,امحا شده,30.4,17872838,47700719,0,F00-بدون خطا,2,21,0.82,53.0,5.33,1148,35.7185,51.46153,,,,0.5
THR-R13-TR-00239,ترانسفورماتور توزیع,منطقه ۱۳ (پیروزی),R13,مپنا,1402,2,فعال,82.8,466166568,532445682,0,F00-بدون خطا,1,601,0.86,71.5,2.94,126,35.68244,51.47813,,,,19.0
THR-R09-RL-00240,رله حفاظتی,منطقه ۹ (مهرآباد),R09,آریا رله,1400,4,فعال,82.7,40257374,50784275,0,F00-بدون خطا,1,178,0.68,71.1,5.73,1740,35.68433,51.32056,,,,8.3
THR-R22-CB-00241,کلید قدرت,منطقه ۲۲ (چیتگر),R22,آریا رله,1400,4,در تعمیر,79.2,176153887,206686021,69621301,F06-پیری,1,644,0.66,81.9,5.89,984,35.74368,51.2228,,بازسازی,0.91,12.4
THR-R08-CBM-00242,کابل فشار متوسط,منطقه ۸ (تهران‌نو),R08,پارس الکتریک,1393,11,فعال,57.7,18269263,27199443,0,F00-بدون خطا,1,577,0.67,75.5,4.92,2008,35.75132,51.47596,,,,10.3
THR-R18-IN-00243,مقره,منطقه ۱۸ (یافت‌آباد),R18,مپنا,1384,20,در تعمیر,39.8,3249397,7918549,809546,F05-رطوبت,3,385,0.46,77.5,5.55,399,35.65522,51.28894,,بازیافت,0.77,5.1
THR-R19-TR-00244,ترانسفورماتور توزیع,منطقه ۱۹ (عبدالله‌آباد),R19,مپنا,1395,9,بازیافت شده,70.2,337433166,506712769,0,F00-بدون خطا,2,168,0.81,81.8,4.3,753,35.63345,51.36793,,,,11.8
THR-R11-IN-00245,مقره,منطقه ۱۱ (انقلاب),R11,ایران ترانسفو,1392,12,فعال,59.6,4209531,7386358,0,F00-بدون خطا,3,537,0.5,80.3,6.2,1904,35.68538,51.39536,,,,10.5
THR-R02-CB-00246,کلید قدرت,منطقه ۲ (سعادت‌آباد),R02,فولاد مبارکه,1394,10,فعال,62.6,95589613,166150552,0,F00-بدون خطا,2,703,0.78,50.0,1.22,1342,35.78003,51.39473,,,,6.5
THR-R01-TR-00247,ترانسفورماتور توزیع,منطقه ۱ (تجریش/نیاوران),R01,آریا رله,1378,26,در تعمیر,20.5,80232975,436371883,17744454,F01-حرارتی,3,80,0.67,57.0,4.45,326,35.81957,51.45566,,امحا,0.85,0.8
THR-R03-CBM-00248,کابل فشار متوسط,منطقه ۳ (ونک/الهیه),R03,پارس سوئیچ,1393,11,فعال,54.3,16243340,25183605,0,F00-بدون خطا,0,671,0.87,68.1,3.36,1801,35.76439,51.39115,,,,13.4
THR-R12-CBM-00249,کابل فشار متوسط,منطقه ۱۲ (بازار),R12,ایران ترانسفو,1390,14,فعال,64.0,14282543,23038318,0,F00-بدون خطا,3,714,0.83,70.1,3.76,624,35.68413,51.4071,,,,14.5
THR-R21-IN-00250,مقره,منطقه ۲۱ (تهرانسر),R21,پارس سوئیچ,1381,23,فعال,35.2,2556573,7851382,0,F00-بدون خطا,4,243,0.51,73.2,1.11,94,35.69983,51.23921,,,,1.9
THR-R01-CBM-00251,کابل فشار متوسط,منطقه ۱ (تجریش/نیاوران),R01,پارس سوئیچ,1392,12,بازگشتی,47.2,15076836,22501010,4583455,F05-رطوبت,3,268,0.45,57.9,5.02,1966,35.78174,51.42301,2026-08-12,بازسازی,0.91,10.5
THR-R05-TR-00252,ترانسفورماتور توزیع,منطقه ۵ (پونک/جنت‌آباد),R05,مپنا,1401,3,در تعمیر,82.9,377917826,453631579,82137258,F06-پیری,1,31,0.87,65.4,5.99,1065,35.77714,51.31067,,تعمیر,0.93,17.9
THR-R07-TR-00253,ترانسفورماتور توزیع,منطقه ۷ (بهار/شریعتی),R07,پارس الکتریک,1397,7,فعال,76.4,312306327,417054085,0,F00-بدون خطا,0,60,0.78,48.2,1.75,1727,35.72935,51.43969,,,,15.6
THR-R15-TR-00254,ترانسفورماتور توزیع,منطقه ۱۵ (خاوران),R15,آریا رله,1384,20,در تعمیر,35.4,234656883,535416413,92448618,F02-عایق,4,254,0.5,79.3,4.47,1386,35.66254,51.47013,,بازیافت,0.77,3.3
THR-R19-CB-00255,کلید قدرت,منطقه ۱۹ (عبدالله‌آباد),R19,پارس الکتریک,1399,5,در تعمیر,73.4,168260890,213667190,50502565,F03-مکانیکی,0,548,0.47,78.7,3.17,985,35.61664,51.35788,,تعمیر,0.88,10.3
THR-R14-TR-00256,ترانسفورماتور توزیع,منطقه ۱۴ (نبرد),R14,فولاد مبارکه,1379,25,بازگشتی,22.7,115488939,433619197,41188812,F06-پیری,5,584,0.77,72.3,2.48,2110,35.66861,51.47901,2026-09-19,امحا,0.83,0.5
THR-R12-CBM-00257,کابل فشار متوسط,منطقه ۱۲ (بازار),R12,فولاد مبارکه,1399,5,فعال,74.5,21447325,28039480,0,F00-بدون خطا,1,167,0.54,83.6,2.44,1308,35.66578,51.42724,,,,24.2
THR-R13-TR-00258,ترانسفورماتور توزیع,منطقه ۱۳ (پیروزی),R13,پارس الکتریک,1395,9,فعال,60.0,281769928,420054148,0,F00-بدون خطا,1,162,0.84,48.6,2.96,1976,35.70079,51.46838,,,,9.4
THR-R02-CB-00259,کلید قدرت,منطقه ۲ (سعادت‌آباد),R02,آریا رله,1391,13,بازگشتی,55.9,101150761,188614687,26860008,F04-الکتریکی,1,223,0.69,75.1,2.58,1432,35.78155,51.38476,2026-07-05,بازسازی,0.92,3.9
THR-R03-CBM-00260,کابل فشار متوسط,منطقه ۳ (ونک/الهیه),R03,آریا رله,1389,15,فعال,51.4,14941802,26409720,0,F00-بدون خطا,0,401,0.46,78.8,5.4,241,35.7808,51.39128,,,,11.1
THR-R03-TR-00261,ترانسفورماتور توزیع,منطقه ۳ (ونک/الهیه),R03,آریا رله,1402,2,بازگشتی,78.0,352504999,407369569,79521990,F04-الکتریکی,0,325,0.59,73.9,6.35,142,35.77066,51.4109,2026-08-29,تعمیر,0.84,16.4
THR-R07-CBM-00262,کابل فشار متوسط,منطقه ۷ (بهار/شریعتی),R07,مپنا,1381,23,در تعمیر,19.0,8921699,28352820,2541599,F02-عایق,5,224,0.56,57.9,3.56,1704,35.7149,51.43015,,امحا,0.81,2.6
THR-R08-CB-00263,کلید قدرت,منطقه ۸ (تهران‌نو),R08,آریا رله,1402,2,فعال,73.4,145308768,165123600,0,F00-بدون خطا,1,282,0.49,62.6,2.08,1553,35.75289,51.52214,,,,13.9
THR-R17-IN-00264,مقره,منطقه ۱۷ (آذری),R17,پارس سوئیچ,1392,12,فعال,54.2,5174894,8693792,0,F00-بدون خطا,2,394,0.52,80.4,4.42,1361,35.67407,51.36391,,,,9.4
THR-R14-TR-00265,ترانسفورماتور توزیع,منطقه ۱۴ (نبرد),R14,مپنا,1385,19,در تعمیر,60.7,161619941,440087172,39478772,F03-مکانیکی,4,608,0.48,53.9,0.84,1790,35.69087,51.44953,,بازسازی,0.89,4.8
THR-R10-TR-00266,ترانسفورماتور توزیع,منطقه ۱۰ (آزادی),R10,مپنا,1388,16,فعال,50.8,194741226,423127104,0,F00-بدون خطا,3,685,0.56,68.0,4.67,1462,35.7129,51.36148,,,,7.1
THR-R09-RL-00267,رله حفاظتی,منطقه ۹ (مهرآباد),R09,پارس سوئیچ,1393,11,امحا شده,54.4,32076441,51394034,0,F00-بدون خطا,1,375,0.53,65.8,1.99,773,35.68798,51.32233,,,,1.5
THR-R05-RL-00268,رله حفاظتی,منطقه ۵ (پونک/جنت‌آباد),R05,ایران ترانسفو,1393,11,فعال,64.2,33179201,53468464,0,F00-بدون خطا,2,91,0.92,76.5,6.39,278,35.74485,51.34257,,,,3.3
THR-R01-TR-00269,ترانسفورماتور توزیع,منطقه ۱ (تجریش/نیاوران),R01,پارس سوئیچ,1398,6,فعال,59.6,373565932,463994444,0,F00-بدون خطا,0,532,0.54,79.7,5.98,1947,35.80908,51.41285,,,,11.5
THR-R12-TR-00270,ترانسفورماتور توزیع,منطقه ۱۲ (بازار),R12,ایران ترانسفو,1398,6,بازگشتی,66.7,407460522,507236877,72610164,F06-پیری,1,21,0.75,74.7,1.73,1764,35.67385,51.43092,2026-09-24,بازسازی,0.82,12.7
THR-R01-CB-00271,کلید قدرت,منطقه ۱ (تجریش/نیاوران),R01,پارس الکتریک,1386,18,بازگشتی,56.1,87626888,188940365,10897027,F01-حرارتی,4,705,0.85,77.2,1.34,1843,35.77985,51.42705,2026-06-14,بازسازی,0.83,0.5
THR-R06-TR-00272,ترانسفورماتور توزیع,منطقه ۶ (یوسف‌آباد),R06,مپنا,1381,23,بازگشتی,41.5,133534401,469920169,47868910,F02-عایق,4,273,0.88,87.7,1.06,1531,35.71093,51.38944,2026-08-22,بازیافت,0.79,0.8
THR-R13-TR-00273,ترانسفورماتور توزیع,منطقه ۱۳ (پیروزی),R13,آریا رله,1390,14,فعال,50.4,285810538,457981855,0,F00-بدون خطا,1,715,0.62,79.5,2.23,410,35.71271,51.50092,,,,5.7
THR-R21-CBM-00274,کابل فشار متوسط,منطقه ۲۱ (تهرانسر),R21,فولاد مبارکه,1398,6,در تعمیر,80.1,18744662,27424733,3871590,F04-الکتریکی,1,580,0.69,56.8,1.02,2029,35.68458,51.27091,,تعمیر,0.85,24.3
THR-R02-CB-00275,کلید قدرت,منطقه ۲ (سعادت‌آباد),R02,پارس الکتریک,1400,4,فعال,67.3,186086615,213324795,0,F00-بدون خطا,1,354,0.81,59.3,2.81,470,35.78408,51.37683,,,,11.4
THR-R17-CBM-00276,کابل فشار متوسط,منطقه ۱۷ (آذری),R17,ایران ترانسفو,1385,19,فعال,60.2,11583341,28352741,0,F00-بدون خطا,2,91,0.55,71.6,1.86,1228,35.65882,51.35988,,,,10.7
THR-R18-CB-00277,کلید قدرت,منطقه ۱۸ (یافت‌آباد),R18,پارس سوئیچ,1379,25,فعال,36.6,39652102,173182093,0,F00-بدون خطا,0,616,0.64,80.4,5.56,670,35.61856,51.27845,,,,0.5
THR-R13-CBM-00278,کابل فشار متوسط,منطقه ۱۳ (پیروزی),R13,فولاد مبارکه,1387,17,فعال,55.0,15153948,28283421,0,F00-بدون خطا,4,708,0.86,69.6,2.41,1438,35.70773,51.46258,,,,8.6
THR-R13-RL-00279,رله حفاظتی,منطقه ۱۳ (پیروزی),R13,آریا رله,1382,22,در تعمیر,37.8,13931431,42226201,5511229,F05-رطوبت,5,69,0.56,60.2,2.53,480,35.675,51.47583,,بازیافت,0.9,0.5
THR-R14-TR-00280,ترانسفورماتور توزیع,منطقه ۱۴ (نبرد),R14,آریا رله,1380,24,فعال,28.9,157592843,505156004,0,F00-بدون خطا,6,45,0.59,61.0,4.86,1199,35.68742,51.45613,,,,0.5
THR-R15-CB-00281,کلید قدرت,منطقه ۱۵ (خاوران),R15,پارس الکتریک,1389,15,بازگشتی,43.8,100681797,182030814,44773041,F04-الکتریکی,1,614,0.76,51.1,3.9,1636,35.65533,51.48424,2026-09-15,بازیافت,0.83,1.5
THR-R20-TR-00282,ترانسفورماتور توزیع,منطقه ۲۰ (شهرری),R20,فولاد مبارکه,1385,19,بازگشتی,59.5,192148717,510385281,63439474,F03-مکانیکی,1,664,0.73,59.9,4.87,711,35.61261,51.41712,2026-06-23,بازسازی,0.82,4.2
THR-R13-TR-00283,ترانسفورماتور توزیع,منطقه ۱۳ (پیروزی),R13,آریا رله,1381,23,فعال,30.6,151091705,474370352,0,F00-بدون خطا,3,291,0.67,84.8,4.76,498,35.70044,51.47346,,,,1.9
THR-R05-TR-00284,ترانسفورماتور توزیع,منطقه ۵ (پونک/جنت‌آباد),R05,ایران ترانسفو,1391,13,فعال,59.7,273728717,441999664,0,F00-بدون خطا,0,106,0.61,61.4,6.38,1529,35.77535,51.30476,,,,7.7
THR-R18-TR-00285,ترانسفورماتور توزیع,منطقه ۱۸ (یافت‌آباد),R18,فولاد مبارکه,1397,7,در تعمیر,67.8,398973305,503152662,128607531,F01-حرارتی,1,412,0.8,63.4,0.94,426,35.66235,51.29981,,بازسازی,0.9,10.9
THR-R18-CBM-00286,کابل فشار متوسط,منطقه ۱۸ (یافت‌آباد),R18,پارس سوئیچ,1385,19,بازگشتی,42.0,9505948,27786532,3937041,F06-پیری,3,157,0.69,76.7,5.72,1181,35.64232,51.32335,2026-08-18,بازیافت,0.73,6.3
THR-R09-CB-00287,کلید قدرت,منطقه ۹ (مهرآباد),R09,آریا رله,1380,24,فعال,35.5,48287349,191846182,0,F00-بدون خطا,3,510,0.86,74.9,5.34,395,35.68483,51.30159,,,,0.5
THR-R12-TR-00288,ترانسفورماتور توزیع,منطقه ۱۲ (بازار),R12,پارس سوئیچ,1385,19,در تعمیر,31.0,218033993,482185707,91534798,F05-رطوبت,4,483,0.47,70.0,2.44,518,35.6953,51.39561,,بازیافت,0.84,0.5
THR-R05-TR-00289,ترانسفورماتور توزیع,منطقه ۵ (پونک/جنت‌آباد),R05,فولاد مبارکه,1390,14,فعال,41.4,239727660,488874480,0,F00-بدون خطا,2,357,0.82,59.4,3.27,1843,35.7517,51.33163,,,,3.7
THR-R21-CBM-00290,کابل فشار متوسط,منطقه ۲۱ (تهرانسر),R21,آریا رله,1382,22,فعال,37.6,6376964,22924392,0,F00-بدون خطا,3,196,0.75,74.9,4.4,1711,35.6937,51.27222,,,,6.4
THR-R11-TR-00291,ترانسفورماتور توزیع,منطقه ۱۱ (انقلاب),R11,آریا رله,1400,4,بازگشتی,73.7,390769824,506376872,61153227,F03-مکانیکی,1,417,0.69,55.2,6.33,1575,35.67889,51.38882,2026-09-11,تعمیر,0.85,15.9
THR-R19-TR-00292,ترانسفورماتور توزیع,منطقه ۱۹ (عبدالله‌آباد),R19,فولاد مبارکه,1395,9,فعال,68.7,346407724,504614472,0,F00-بدون خطا,2,229,0.61,63.9,2.31,1875,35.63023,51.35614,,,,9.9
THR-R10-IN-00293,مقره,منطقه ۱۰ (آزادی),R10,پارس سوئیچ,1380,24,در تعمیر,27.9,1612179,7844481,360299,F06-پیری,3,663,0.9,59.9,1.32,1320,35.69784,51.38343,,امحا,0.81,0.8
THR-R08-TR-00294,ترانسفورماتور توزیع,منطقه ۸ (تهران‌نو),R08,مپنا,1382,22,بازگشتی,34.2,205723868,492548150,44490816,F01-حرارتی,3,505,0.77,76.3,4.28,1721,35.70576,51.52325,2026-07-19,بازیافت,0.77,2.6
THR-R17-CBM-00295,کابل فشار متوسط,منطقه ۱۷ (آذری),R17,پارس الکتریک,1400,4,فعال,70.6,21373518,26982512,0,F00-بدون خطا,1,564,0.73,76.0,4.68,428,35.6783,51.38234,,,,21.6
THR-R04-RL-00296,رله حفاظتی,منطقه ۴ (تهرانپارس),R04,مپنا,1399,5,بازگشتی,76.7,38624520,48369501,8154275,F06-پیری,0,675,0.84,55.5,4.63,1716,35.73751,51.54288,2026-06-21,تعمیر,0.89,7.6
THR-R11-CBM-00297,کابل فشار متوسط,منطقه ۱۱ (انقلاب),R11,پارس سوئیچ,1391,13,فعال,60.5,13389884,23194691,0,F00-بدون خطا,2,537,0.65,76.9,0.85,985,35.70242,51.42073,,,,11.4
THR-R15-TR-00298,ترانسفورماتور توزیع,منطقه ۱۵ (خاوران),R15,فولاد مبارکه,1392,12,در تعمیر,56.3,344487953,491087913,71353083,F03-مکانیکی,0,122,0.86,77.5,0.88,1290,35.6507,51.43957,,بازسازی,0.81,9.0
THR-R14-CBM-00299,کابل فشار متوسط,منطقه ۱۴ (نبرد),R14,آریا رله,1380,24,فعال,28.3,5972646,24531047,0,F00-بدون خطا,2,366,0.74,74.9,1.26,1945,35.65738,51.43813,,,,5.2
THR-R07-CB-00300,کلید قدرت,منطقه ۷ (بهار/شریعتی),R07,آریا رله,1389,15,فعال,45.1,117859990,212366367,0,F00-بدون خطا,3,83,0.74,77.7,5.01,1309,35.72221,51.42501,,,,2.8
THR-R02-IN-00301,مقره,منطقه ۲ (سعادت‌آباد),R02,ایران ترانسفو,1381,23,فعال,27.6,2491092,8090671,0,F00-بدون خطا,5,708,0.62,83.8,4.6,753,35.80104,51.38422,,,,0.5
THR-R08-CB-00302,کلید قدرت,منطقه ۸ (تهران‌نو),R08,پارس سوئیچ,1395,9,فعال,62.4,134568402,196033349,0,F00-بدون خطا,1,429,0.65,65.7,4.5,835,35.71742,51.51027,,,,8.6
THR-R06-CB-00303,کلید قدرت,منطقه ۶ (یوسف‌آباد),R06,مپنا,1391,13,فعال,53.3,116972335,185971650,0,F00-بدون خطا,3,454,0.68,85.1,1.4,1672,35.7061,51.39005,,,,2.9
THR-R01-RL-00304,رله حفاظتی,منطقه ۱ (تجریش/نیاوران),R01,ایران ترانسفو,1384,20,فعال,46.0,18027836,49344845,0,F00-بدون خطا,4,564,0.53,50.8,1.86,845,35.79241,51.41717,,,,0.5
THR-R12-TR-00305,ترانسفورماتور توزیع,منطقه ۱۲ (بازار),R12,مپنا,1392,12,فعال,60.1,324907616,514906967,0,F00-بدون خطا,2,412,0.57,68.6,3.85,1687,35.68426,51.40052,,,,6.6
THR-R19-TR-00306,ترانسفورماتور توزیع,منطقه ۱۹ (عبدالله‌آباد),R19,مپنا,1389,15,بازسازی شده,44.6,239017675,516855005,0,F00-بدون خطا,2,619,0.88,86.1,2.66,427,35.63446,51.35039,,,,2.9
THR-R22-TR-00307,ترانسفورماتور توزیع,منطقه ۲۲ (چیتگر),R22,آریا رله,1381,23,فعال,40.4,103768617,532051309,0,F00-بدون خطا,1,159,0.69,55.8,5.7,2172,35.75882,51.18013,,,,2.1
THR-R13-TR-00308,ترانسفورماتور توزیع,منطقه ۱۳ (پیروزی),R13,پارس الکتریک,1382,22,بازگشتی,15.7,198001530,520933177,77103401,F02-عایق,3,565,0.77,55.2,4.76,789,35.69696,51.48553,2026-07-16,امحا,0.82,1.0
THR-R06-CB-00309,کلید قدرت,منطقه ۶ (یوسف‌آباد),R06,ایران ترانسفو,1382,22,فعال,29.5,54567153,170925362,0,F00-بدون خطا,4,382,0.53,51.3,0.91,119,35.7051,51.41094,,,,0.5
THR-R16-TR-00310,ترانسفورماتور توزیع,منطقه ۱۶ (علی‌آباد),R16,پارس الکتریک,1390,14,امحا شده,63.6,219052113,419221640,0,F00-بدون خطا,3,518,0.74,57.8,1.13,1782,35.62612,51.40096,,,,5.5
THR-R15-CB-00311,کلید قدرت,منطقه ۱۵ (خاوران),R15,آریا رله,1380,24,بازگشتی,23.6,43422478,173855911,20215361,F03-مکانیکی,0,245,0.78,76.1,1.78,1262,35.64582,51.46284,2026-09-04,امحا,0.88,0.5
THR-R15-CB-00312,کلید قدرت,منطقه ۱۵ (خاوران),R15,آریا رله,1402,2,در تعمیر,68.8,159308881,209008456,55329696,F05-رطوبت,0,571,0.51,61.5,1.61,1582,35.64163,51.44077,,بازسازی,0.87,12.4
THR-R18-IN-00313,مقره,منطقه ۱۸ (یافت‌آباد),R18,فولاد مبارکه,1379,25,در تعمیر,18.5,2300142,8140462,1017681,F05-رطوبت,1,119,0.48,67.0,4.0,1093,35.62522,51.30039,,امحا,0.92,0.6
THR-R10-IN-00314,مقره,منطقه ۱۰ (آزادی),R10,ایران ترانسفو,1379,25,فعال,29.1,2523567,7807853,0,F00-بدون خطا,6,464,0.7,81.4,5.48,560,35.6655,51.37117,,,,2.7
THR-R08-TR-00315,ترانسفورماتور توزیع,منطقه ۸ (تهران‌نو),R08,پارس سوئیچ,1401,3,بازگشتی,75.3,396035053,450039833,160378732,F06-پیری,1,645,0.83,84.1,1.96,650,35.72756,51.48417,2026-06-17,بازسازی,0.84,15.6
THR-R07-IN-00316,مقره,منطقه ۷ (بهار/شریعتی),R07,پارس سوئیچ,1379,25,بازگشتی,29.0,2784834,9523357,400913,F05-رطوبت,4,346,0.83,65.3,6.48,1278,35.72742,51.41871,2026-08-19,بازیافت,0.79,0.5
THR-R19-TR-00317,ترانسفورماتور توزیع,منطقه ۱۹ (عبدالله‌آباد),R19,فولاد مبارکه,1394,10,امحا شده,52.0,304728962,434715028,0,F00-بدون خطا,0,75,0.67,76.9,4.54,1215,35.61253,51.35363,,,,7.6
THR-R21-TR-00318,ترانسفورماتور توزیع,منطقه ۲۱ (تهرانسر),R21,پارس الکتریک,1382,22,فعال,30.9,172414876,470338564,0,F00-بدون خطا,1,417,0.81,69.9,1.18,2084,35.67527,51.26522,,,,0.5
THR-R05-CB-00319,کلید قدرت,منطقه ۵ (پونک/جنت‌آباد),R05,پارس الکتریک,1386,18,بازگشتی,44.9,105950550,204225838,41387348,F04-الکتریکی,0,110,0.8,54.8,1.91,1730,35.77515,51.3209,2026-07-22,بازیافت,0.83,1.4
THR-R09-RL-00320,رله حفاظتی,منطقه ۹ (مهرآباد),R09,مپنا,1389,15,فعال,40.6,28745756,52761084,0,F00-بدون خطا,2,17,0.76,83.6,4.1,461,35.70294,51.32486,,,,0.6
THR-R15-CB-00321,کلید قدرت,منطقه ۱۵ (خاوران),R15,پارس سوئیچ,1400,4,فعال,71.3,160934273,187591745,0,F00-بدون خطا,1,454,0.56,56.6,3.22,947,35.65082,51.44855,,,,10.7
THR-R16-TR-00322,ترانسفورماتور توزیع,منطقه ۱۶ (علی‌آباد),R16,فولاد مبارکه,1387,17,فعال,41.2,204331107,430369251,0,F00-بدون خطا,4,366,0.63,80.9,4.56,278,35.61885,51.40981,,,,4.4
THR-R02-TR-00323,ترانسفورماتور توزیع,منطقه ۲ (سعادت‌آباد),R02,فولاد مبارکه,1392,12,فعال,54.5,327357324,498468454,0,F00-بدون خطا,3,15,0.58,55.6,4.76,1832,35.7682,51.40195,,,,5.4
THR-R07-CBM-00324,کابل فشار متوسط,منطقه ۷ (بهار/شریعتی),R07,آریا رله,1382,22,بازسازی شده,44.6,8744985,24484762,0,F00-بدون خطا,1,110,0.82,78.4,1.87,1556,35.7281,51.45575,,,,4.2
THR-R09-TR-00325,ترانسفورماتور توزیع,منطقه ۹ (مهرآباد),R09,فولاد مبارکه,1399,5,بازیافت شده,76.6,356077473,454726873,0,F00-بدون خطا,0,655,0.71,49.6,4.6,1331,35.68662,51.29656,,,,14.9
THR-R08-TR-00326,ترانسفورماتور توزیع,منطقه ۸ (تهران‌نو),R08,ایران ترانسفو,1380,24,بازگشتی,41.5,163745040,524895955,38824705,F02-عایق,3,150,0.85,58.0,4.09,1006,35.75005,51.52481,2026-07-21,بازیافت,0.87,0.5
THR-R22-TR-00327,ترانسفورماتور توزیع,منطقه ۲۲ (چیتگر),R22,پارس سوئیچ,1378,26,بازگشتی,39.5,131574659,520833141,63043496,F04-الکتریکی,5,504,0.62,79.3,4.03,370,35.72707,51.17702,2026-08-27,بازیافت,0.72,0.5
THR-R13-TR-00328,ترانسفورماتور توزیع,منطقه ۱۳ (پیروزی),R13,پارس سوئیچ,1381,23,فعال,31.7,157114626,436322454,0,F00-بدون خطا,2,406,0.74,78.5,1.02,625,35.67572,51.49322,,,,0.5
THR-R21-CBM-00329,کابل فشار متوسط,منطقه ۲۱ (تهرانسر),R21,پارس الکتریک,1382,22,فعال,44.9,10384153,26725465,0,F00-بدون خطا,4,183,0.92,78.3,3.32,1882,35.70623,51.26822,,,,7.8
THR-R12-RL-00330,رله حفاظتی,منطقه ۱۲ (بازار),R12,پارس سوئیچ,1398,6,در تعمیر,80.4,32303479,43589818,10817358,F05-رطوبت,1,103,0.7,56.5,6.48,491,35.69641,51.44146,,تعمیر,0.88,9.1
THR-R05-RL-00331,رله حفاظتی,منطقه ۵ (پونک/جنت‌آباد),R05,پارس سوئیچ,1396,8,در تعمیر,70.2,37363567,48507635,5201205,F04-الکتریکی,1,268,0.53,68.0,4.74,1214,35.75774,51.32874,,تعمیر,0.95,3.6
THR-R21-TR-00332,ترانسفورماتور توزیع,منطقه ۲۱ (تهرانسر),R21,پارس الکتریک,1395,9,بازگشتی,75.0,330992030,442163908,58332170,F06-پیری,0,323,0.78,66.2,4.61,921,35.7068,51.25497,2026-07-21,تعمیر,0.86,13.6
THR-R20-CB-00333,کلید قدرت,منطقه ۲۰ (شهرری),R20,فولاد مبارکه,1401,3,فعال,79.0,143469763,163033822,0,F00-بدون خطا,0,410,0.83,86.4,3.85,541,35.60396,51.44548,,,,14.4
THR-R08-CB-00334,کلید قدرت,منطقه ۸ (تهران‌نو),R08,آریا رله,1397,7,فعال,77.3,106866566,170299316,0,F00-بدون خطا,1,150,0.88,71.3,4.18,1664,35.73363,51.48885,,,,9.7
THR-R19-TR-00335,ترانسفورماتور توزیع,منطقه ۱۹ (عبدالله‌آباد),R19,مپنا,1395,9,بازگشتی,56.4,282594431,409285408,76978907,F01-حرارتی,0,84,0.87,55.9,5.0,136,35.59923,51.36534,2026-08-23,بازسازی,0.91,7.7
THR-R07-TR-00336,ترانسفورماتور توزیع,منطقه ۷ (بهار/شریعتی),R07,آریا رله,1379,25,بازیافت شده,31.5,159064682,539627116,0,F00-بدون خطا,4,658,0.74,86.9,3.45,2132,35.6965,51.45987,,,,0.5
THR-R14-TR-00337,ترانسفورماتور توزیع,منطقه ۱۴ (نبرد),R14,ایران ترانسفو,1390,14,فعال,51.5,294190699,536671323,0,F00-بدون خطا,2,332,0.55,57.2,3.47,403,35.68585,51.47763,,,,4.9
THR-R17-CBM-00338,کابل فشار متوسط,منطقه ۱۷ (آذری),R17,پارس الکتریک,1382,22,بازگشتی,31.4,7351168,23756183,1271893,F05-رطوبت,5,712,0.66,59.1,5.35,350,35.68365,51.37296,2026-08-17,بازیافت,0.89,3.7
THR-R14-RL-00339,رله حفاظتی,منطقه ۱۴ (نبرد),R14,ایران ترانسفو,1385,19,فعال,38.5,15967350,43638830,0,F00-بدون خطا,3,479,0.48,56.4,5.41,305,35.65148,51.44782,,,,0.5
THR-R10-RL-00340,رله حفاظتی,منطقه ۱۰ (آزادی),R10,پارس الکتریک,1399,5,در تعمیر,68.4,41182680,52172895,7238807,F01-حرارتی,0,26,0.71,80.2,1.58,751,35.66914,51.35923,,بازسازی,0.83,5.7
THR-R16-CBM-00341,کابل فشار متوسط,منطقه ۱۶ (علی‌آباد),R16,آریا رله,1394,10,فعال,62.5,18974161,23580590,0,F00-بدون خطا,0,144,0.67,60.3,5.49,1180,35.6462,51.38868,,,,14.6
THR-R04-RL-00342,رله حفاظتی,منطقه ۴ (تهرانپارس),R04,مپنا,1378,26,فعال,24.2,10092335,46688824,0,F00-بدون خطا,2,80,0.76,79.1,5.71,1157,35.75125,51.52371,,,,0.5
THR-R19-CB-00343,کلید قدرت,منطقه ۱۹ (عبدالله‌آباد),R19,فولاد مبارکه,1393,11,فعال,62.1,113142194,207365836,0,F00-بدون خطا,0,595,0.68,77.7,3.61,763,35.64447,51.37948,,,,4.2
THR-R12-TR-00344,ترانسفورماتور توزیع,منطقه ۱۲ (بازار),R12,پارس الکتریک,1402,2,فعال,79.8,399334768,453789510,0,F00-بدون خطا,0,536,0.6,66.2,5.15,90,35.69299,51.41534,,,,18.3
THR-R02-IN-00345,مقره,منطقه ۲ (سعادت‌آباد),R02,فولاد مبارکه,1378,26,فعال,22.5,1963154,9483467,0,F00-بدون خطا,2,168,0.75,57.2,3.95,813,35.76377,51.38339,,,,0.5
THR-R02-CB-00346,کلید قدرت,منطقه ۲ (سعادت‌آباد),R02,پارس سوئیچ,1400,4,در تعمیر,92.1,149270942,169626071,48590060,F02-عایق,1,441,0.54,81.0,2.43,1390,35.76426,51.36893,,تعمیر,0.87,13.3
THR-R09-IN-00347,مقره,منطقه ۹ (مهرآباد),R09,پارس سوئیچ,1396,8,فعال,62.4,5969119,8098915,0,F00-بدون خطا,0,543,0.85,79.8,1.8,268,35.70489,51.31337,,,,13.9
THR-R13-TR-00348,ترانسفورماتور توزیع,منطقه ۱۳ (پیروزی),R13,ایران ترانسفو,1392,12,بازسازی شده,50.0,242812239,434458017,0,F00-بدون خطا,2,581,0.57,48.0,5.76,1950,35.7187,51.46748,,,,7.3
THR-R01-TR-00349,ترانسفورماتور توزیع,منطقه ۱ (تجریش/نیاوران),R01,پارس سوئیچ,1387,17,بازگشتی,50.6,271090279,506285878,47369633,F06-پیری,4,490,0.47,59.7,1.98,1588,35.80232,51.42676,2026-07-12,بازسازی,0.92,4.0
THR-R16-CBM-00350,کابل فشار متوسط,منطقه ۱۶ (علی‌آباد),R16,ایران ترانسفو,1402,2,فعال,73.5,22889254,26010517,0,F00-بدون خطا,0,434,0.52,67.5,3.25,177,35.63831,51.41303,,,,24.0
THR-R08-CB-00351,کلید قدرت,منطقه ۸ (تهران‌نو),R08,ایران ترانسفو,1398,6,بازسازی شده,71.2,175977538,206687864,0,F00-بدون خطا,1,688,0.69,72.6,5.99,1621,35.71354,51.47652,,,,9.2
THR-R10-TR-00352,ترانسفورماتور توزیع,منطقه ۱۰ (آزادی),R10,ایران ترانسفو,1394,10,امحا شده,49.1,286359294,411782806,0,F00-بدون خطا,1,160,0.66,81.6,1.72,1226,35.66675,51.36256,,,,12.1
THR-R03-TR-00353,ترانسفورماتور توزیع,منطقه ۳ (ونک/الهیه),R03,فولاد مبارکه,1385,19,بازسازی شده,38.7,173420086,437059605,0,F00-بدون خطا,2,101,0.58,54.9,2.96,471,35.73448,51.42123,,,,2.6
THR-R17-TR-00354,ترانسفورماتور توزیع,منطقه ۱۷ (آذری),R17,پارس الکتریک,1390,14,فعال,51.5,271152188,506353902,0,F00-بدون خطا,3,148,0.56,75.1,4.02,1049,35.64127,51.37364,,,,7.2
THR-R10-TR-00355,ترانسفورماتور توزیع,منطقه ۱۰ (آزادی),R10,آریا رله,1388,16,بازیافت شده,44.0,221632905,413932300,0,F00-بدون خطا,2,478,0.56,61.8,0.97,1193,35.66596,51.37634,,,,5.8
THR-R08-TR-00356,ترانسفورماتور توزیع,منطقه ۸ (تهران‌نو),R08,ایران ترانسفو,1384,20,فعال,47.1,209519196,530982686,0,F00-بدون خطا,1,183,0.77,60.7,5.63,1921,35.71827,51.50557,,,,2.7
THR-R15-TR-00357,ترانسفورماتور توزیع,منطقه ۱۵ (خاوران),R15,فولاد مبارکه,1381,23,بازگشتی,29.6,156724333,443018165,73160441,F04-الکتریکی,2,286,0.6,61.6,1.25,571,35.61551,51.4708,2026-09-14,بازیافت,0.9,1.6
THR-R06-IN-00358,مقره,منطقه ۶ (یوسف‌آباد),R06,آریا رله,1387,17,بازسازی شده,64.1,3145665,8024128,0,F00-بدون خطا,1,166,0.54,62.9,6.09,453,35.74673,51.42177,,,,7.9
THR-R08-CBM-00359,کابل فشار متوسط,منطقه ۸ (تهران‌نو),R08,پارس سوئیچ,1390,14,فعال,55.2,11828812,23628542,0,F00-بدون خطا,2,46,0.67,74.5,5.08,1736,35.7534,51.49734,,,,9.6
THR-R15-CB-00360,کلید قدرت,منطقه ۱۵ (خاوران),R15,پارس سوئیچ,1395,9,فعال,60.2,152082666,210835427,0,F00-بدون خطا,0,139,0.48,48.3,2.01,128,35.65587,51.47285,,,,8.4
THR-R02-IN-00361,مقره,منطقه ۲ (سعادت‌آباد),R02,پارس الکتریک,1385,19,فعال,31.5,4126722,8165775,0,F00-بدون خطا,2,660,0.77,58.9,1.89,424,35.79923,51.39978,,,,3.1
THR-R19-CB-00362,کلید قدرت,منطقه ۱۹ (عبدالله‌آباد),R19,پارس الکتریک,1380,24,فعال,42.4,46591721,185217711,0,F00-بدون خطا,1,469,0.8,69.3,2.44,607,35.63655,51.34099,,,,0.5
THR-R03-CBM-00363,کابل فشار متوسط,منطقه ۳ (ونک/الهیه),R03,پارس سوئیچ,1388,16,فعال,30.1,13446693,26970614,0,F00-بدون خطا,0,602,0.87,61.8,4.98,1854,35.75369,51.39322,,,,5.9
THR-R13-CB-00364,کلید قدرت,منطقه ۱۳ (پیروزی),R13,پارس سوئیچ,1390,14,بازگشتی,47.5,120740685,206332974,39117312,F03-مکانیکی,1,296,0.6,48.4,5.51,1226,35.70785,51.49992,2026-07-30,بازسازی,0.84,3.1
THR-R05-TR-00365,ترانسفورماتور توزیع,منطقه ۵ (پونک/جنت‌آباد),R05,مپنا,1397,7,بازگشتی,66.3,366342675,482875746,105152587,F04-الکتریکی,1,505,0.76,69.3,1.39,329,35.74094,51.34403,2026-09-14,بازسازی,0.78,13.8
THR-R09-TR-00366,ترانسفورماتور توزیع,منطقه ۹ (مهرآباد),R09,فولاد مبارکه,1391,13,فعال,62.5,266509951,445008277,0,F00-بدون خطا,0,382,0.91,58.4,6.33,2044,35.71192,51.33594,,,,6.0
THR-R18-RL-00367,رله حفاظتی,منطقه ۱۸ (یافت‌آباد),R18,آریا رله,1389,15,بازیافت شده,35.2,20053729,41179718,0,F00-بدون خطا,3,199,0.74,58.1,4.09,186,35.61764,51.3096,,,,0.5
THR-R11-CB-00368,کلید قدرت,منطقه ۱۱ (انقلاب),R11,فولاد مبارکه,1378,26,بازسازی شده,25.5,56971415,206317592,0,F00-بدون خطا,0,557,0.62,80.2,2.67,1544,35.68887,51.39254,,,,0.5
THR-R19-CBM-00369,کابل فشار متوسط,منطقه ۱۹ (عبدالله‌آباد),R19,مپنا,1383,21,فعال,28.7,6348797,28806815,0,F00-بدون خطا,2,72,0.63,66.4,2.53,978,35.60606,51.35405,,,,4.6
THR-R19-IN-00370,مقره,منطقه ۱۹ (عبدالله‌آباد),R19,پارس سوئیچ,1390,14,فعال,59.3,4810180,8475773,0,F00-بدون خطا,1,621,0.64,54.4,4.54,1382,35.59663,51.35878,,,,10.0
THR-R12-CBM-00371,کابل فشار متوسط,منطقه ۱۲ (بازار),R12,پارس سوئیچ,1378,26,بازگشتی,27.9,6807571,27860649,984661,F05-رطوبت,4,591,0.49,62.2,3.94,851,35.67088,51.40082,2026-06-10,امحا,0.9,3.2
THR-R16-CB-00372,کلید قدرت,منطقه ۱۶ (علی‌آباد),R16,پارس سوئیچ,1383,21,فعال,45.2,86507201,205992234,0,F00-بدون خطا,0,631,0.57,52.2,2.82,976,35.64559,51.39367,,,,0.5
THR-R01-CB-00373,کلید قدرت,منطقه ۱ (تجریش/نیاوران),R01,پارس سوئیچ,1378,26,فعال,44.3,35391654,197540630,0,F00-بدون خطا,6,363,0.84,49.7,3.19,806,35.78291,51.42896,,,,0.5
THR-R11-TR-00374,ترانسفورماتور توزیع,منطقه ۱۱ (انقلاب),R11,آریا رله,1382,22,بازگشتی,36.0,122120271,472827683,46812985,F01-حرارتی,4,89,0.89,84.7,4.42,1610,35.71291,51.38602,2026-06-27,بازیافت,0.88,1.5
THR-R22-TR-00375,ترانسفورماتور توزیع,منطقه ۲۲ (چیتگر),R22,پارس سوئیچ,1381,23,فعال,23.5,198134015,506573714,0,F00-بدون خطا,1,462,0.84,53.9,5.55,2075,35.74156,51.20887,,,,2.4
THR-R21-TR-00376,ترانسفورماتور توزیع,منطقه ۲۱ (تهرانسر),R21,پارس الکتریک,1400,4,امحا شده,69.6,407638642,463225730,0,F00-بدون خطا,0,618,0.57,81.8,3.56,798,35.69395,51.27075,,,,14.8
THR-R13-TR-00377,ترانسفورماتور توزیع,منطقه ۱۳ (پیروزی),R13,پارس الکتریک,1400,4,فعال,61.0,407681322,482360697,0,F00-بدون خطا,0,601,0.61,74.8,5.39,1683,35.69126,51.45696,,,,14.6
THR-R19-TR-00378,ترانسفورماتور توزیع,منطقه ۱۹ (عبدالله‌آباد),R19,فولاد مبارکه,1397,7,فعال,64.8,381794385,510745227,0,F00-بدون خطا,0,159,0.46,72.1,4.56,1436,35.6083,51.38452,,,,12.4
THR-R03-TR-00379,ترانسفورماتور توزیع,منطقه ۳ (ونک/الهیه),R03,فولاد مبارکه,1388,16,فعال,48.6,276522469,531701520,0,F00-بدون خطا,2,26,0.71,64.7,1.71,1166,35.74106,51.41614,,,,3.5
THR-R07-TR-00380,ترانسفورماتور توزیع,منطقه ۷ (بهار/شریعتی),R07,ایران ترانسفو,1380,24,فعال,29.4,133380527,507233202,0,F00-بدون خطا,5,64,0.63,52.0,0.89,1660,35.7399,51.41921,,,,0.5
THR-R15-RL-00381,رله حفاظتی,منطقه ۱۵ (خاوران),R15,آریا رله,1383,21,بازسازی شده,43.3,18992031,42700758,0,F00-بدون خطا,3,574,0.86,85.1,3.19,1617,35.62669,51.43619,,,,0.5
THR-R04-IN-00382,مقره,منطقه ۴ (تهرانپارس),R04,ایران ترانسفو,1396,8,بازگشتی,64.1,4583190,7268765,1512319,F02-عایق,1,49,0.47,71.5,3.07,1287,35.71557,51.53437,2026-09-23,بازسازی,0.83,15.7
THR-R11-TR-00383,ترانسفورماتور توزیع,منطقه ۱۱ (انقلاب),R11,پارس سوئیچ,1381,23,فعال,37.0,145093961,442157289,0,F00-بدون خطا,3,91,0.71,50.0,3.23,461,35.70047,51.38857,,,,0.5
THR-R11-CB-00384,کلید قدرت,منطقه ۱۱ (انقلاب),R11,پارس الکتریک,1397,7,بازسازی شده,79.5,135044488,174113202,0,F00-بدون خطا,1,183,0.89,51.8,3.37,1858,35.6763,51.41587,,,,10.9
THR-R06-TR-00385,ترانسفورماتور توزیع,منطقه ۶ (یوسف‌آباد),R06,پارس الکتریک,1388,16,فعال,58.1,201285880,416275863,0,F00-بدون خطا,3,582,0.66,61.4,3.05,1166,35.71556,51.41262,,,,5.2
THR-R22-TR-00386,ترانسفورماتور توزیع,منطقه ۲۲ (چیتگر),R22,مپنا,1385,19,فعال,33.8,171732167,482219443,0,F00-بدون خطا,4,517,0.52,54.0,2.33,709,35.75527,51.21301,,,,2.2
THR-R02-TR-00387,ترانسفورماتور توزیع,منطقه ۲ (سعادت‌آباد),R02,ایران ترانسفو,1391,13,فعال,42.5,247588999,496759124,0,F00-بدون خطا,1,41,0.54,73.7,2.28,927,35.75783,51.35673,,,,7.0
THR-R06-CB-00388,کلید قدرت,منطقه ۶ (یوسف‌آباد),R06,فولاد مبارکه,1380,24,فعال,30.7,41979554,184210414,0,F00-بدون خطا,2,497,0.84,74.9,5.5,2083,35.71703,51.40862,,,,0.5
THR-R22-TR-00389,ترانسفورماتور توزیع,منطقه ۲۲ (چیتگر),R22,آریا رله,1398,6,بازگشتی,63.6,386269282,504623377,96478796,F03-مکانیکی,1,206,0.59,66.7,4.33,1905,35.74856,51.18853,2026-09-20,بازسازی,0.91,13.1
THR-R09-TR-00390,ترانسفورماتور توزیع,منطقه ۹ (مهرآباد),R09,ایران ترانسفو,1386,18,فعال,58.8,166009623,449588430,0,F00-بدون خطا,4,169,0.54,85.4,4.73,476,35.69321,51.33753,,,,1.9
THR-R03-RL-00391,رله حفاظتی,منطقه ۳ (ونک/الهیه),R03,ایران ترانسفو,1395,9,فعال,67.9,38876994,51023475,0,F00-بدون خطا,2,411,0.57,82.6,1.39,1794,35.73281,51.42592,,,,4.9
THR-R18-RL-00392,رله حفاظتی,منطقه ۱۸ (یافت‌آباد),R18,ایران ترانسفو,1393,11,بازگشتی,56.1,30832386,44878446,11208625,F04-الکتریکی,1,419,0.72,65.2,2.37,222,35.64471,51.30516,2026-07-23,بازسازی,0.88,2.8
THR-R19-CBM-00393,کابل فشار متوسط,منطقه ۱۹ (عبدالله‌آباد),R19,پارس سوئیچ,1396,8,بازگشتی,62.3,21103852,27692657,4305181,F01-حرارتی,1,186,0.47,77.4,2.75,947,35.62627,51.37235,2026-06-14,بازسازی,0.91,17.2
THR-R07-TR-00394,ترانسفورماتور توزیع,منطقه ۷ (بهار/شریعتی),R07,پارس الکتریک,1391,13,فعال,43.8,281120454,449816153,0,F00-بدون خطا,1,166,0.49,58.3,0.96,1136,35.71827,51.41568,,,,5.2
THR-R11-CBM-00395,کابل فشار متوسط,منطقه ۱۱ (انقلاب),R11,آریا رله,1380,24,فعال,20.0,9941129,26611089,0,F00-بدون خطا,4,297,0.47,83.6,4.09,1956,35.67373,51.3898,,,,2.5
THR-R01-RL-00396,رله حفاظتی,منطقه ۱ (تجریش/نیاوران),R01,پارس سوئیچ,1397,7,بازگشتی,64.9,31269258,41436820,4764048,F01-حرارتی,1,166,0.64,53.7,4.87,490,35.80945,51.42625,2026-05-30,بازسازی,0.92,8.6
THR-R04-CB-00397,کلید قدرت,منطقه ۴ (تهرانپارس),R04,فولاد مبارکه,1381,23,در تعمیر,35.5,42553424,199682970,18897766,F04-الکتریکی,2,685,0.45,58.9,2.04,2068,35.75461,51.52882,,بازیافت,0.77,0.5
THR-R19-CB-00398,کلید قدرت,منطقه ۱۹ (عبدالله‌آباد),R19,مپنا,1379,25,فعال,27.7,60025838,194046914,0,F00-بدون خطا,1,638,0.6,74.6,3.97,1725,35.59581,51.37144,,,,0.5
THR-R02-TR-00399,ترانسفورماتور توزیع,منطقه ۲ (سعادت‌آباد),R02,آریا رله,1388,16,بازگشتی,47.4,201813193,417746551,84629676,F06-پیری,3,396,0.82,52.7,0.8,162,35.80092,51.38749,2026-08-13,بازسازی,0.89,4.0
THR-R10-TR-00400,ترانسفورماتور توزیع,منطقه ۱۰ (آزادی),R10,پارس سوئیچ,1393,11,بازسازی شده,57.9,261937417,439354979,0,F00-بدون خطا,0,322,0.85,86.3,4.02,1894,35.66564,51.36201,,,,9.7
THR-R11-TR-00401,ترانسفورماتور توزیع,منطقه ۱۱ (انقلاب),R11,پارس سوئیچ,1391,13,بازگشتی,53.8,281470728,479097828,72279563,F02-عایق,3,431,0.5,55.1,6.43,2064,35.69536,51.39444,2026-06-20,بازسازی,0.83,6.1
THR-R17-IN-00402,مقره,منطقه ۱۷ (آذری),R17,آریا رله,1379,25,فعال,30.8,2983552,9296684,0,F00-بدون خطا,0,533,0.83,61.1,2.54,1732,35.68478,51.36414,,,,0.5
THR-R05-RL-00403,رله حفاظتی,منطقه ۵ (پونک/جنت‌آباد),R05,پارس سوئیچ,1394,10,بازسازی شده,80.4,30955385,49709587,0,F00-بدون خطا,0,220,0.72,75.7,4.79,316,35.75076,51.30166,,,,2.9
THR-R08-TR-00404,ترانسفورماتور توزیع,منطقه ۸ (تهران‌نو),R08,آریا رله,1379,25,بازیافت شده,35.1,130692114,472494463,0,F00-بدون خطا,2,490,0.54,49.0,2.42,2148,35.74151,51.50596,,,,0.5
THR-R13-CB-00405,کلید قدرت,منطقه ۱۳ (پیروزی),R13,مپنا,1381,23,بازگشتی,53.4,53068414,207897803,10117411,F03-مکانیکی,3,471,0.7,51.4,1.13,807,35.68128,51.50317,2026-06-06,بازیافت,0.83,0.5
THR-R16-CB-00406,کلید قدرت,منطقه ۱۶ (علی‌آباد),R16,آریا رله,1389,15,فعال,42.6,103316075,191394623,0,F00-بدون خطا,0,43,0.84,49.7,3.64,1663,35.62669,51.40689,,,,1.0
THR-R02-TR-00407,ترانسفورماتور توزیع,منطقه ۲ (سعادت‌آباد),R02,پارس سوئیچ,1396,8,در تعمیر,59.5,342832497,446549072,116874904,F02-عایق,2,708,0.75,66.6,1.88,926,35.7999,51.3955,,بازسازی,0.83,12.0
THR-R09-RL-00408,رله حفاظتی,منطقه ۹ (مهرآباد),R09,پارس سوئیچ,1394,10,فعال,71.6,31518579,45341391,0,F00-بدون خطا,1,677,0.6,50.3,5.17,789,35.71057,51.29605,,,,5.7
THR-R20-IN-00409,مقره,منطقه ۲۰ (شهرری),R20,فولاد مبارکه,1385,19,فعال,33.9,4229952,8821590,0,F00-بدون خطا,2,400,0.89,58.0,1.49,1508,35.5848,51.45281,,,,1.0
THR-R15-TR-00410,ترانسفورماتور توزیع,منطقه ۱۵ (خاوران),R15,ایران ترانسفو,1392,12,فعال,44.4,289754890,456008293,0,F00-بدون خطا,0,538,0.69,54.5,4.55,1612,35.6181,51.45197,,,,5.9
THR-R18-CB-00411,کلید قدرت,منطقه ۱۸ (یافت‌آباد),R18,ایران ترانسفو,1397,7,فعال,64.1,112644215,168217893,0,F00-بدون خطا,1,359,0.66,73.9,1.15,1212,35.65916,51.29574,,,,10.2
THR-R21-TR-00412,ترانسفورماتور توزیع,منطقه ۲۱ (تهرانسر),R21,پارس سوئیچ,1386,18,فعال,35.3,198266846,425443362,0,F00-بدون خطا,1,544,0.72,64.1,2.73,1064,35.69887,51.25509,,,,2.6
THR-R02-IN-00413,مقره,منطقه ۲ (سعادت‌آباد),R02,پارس الکتریک,1397,7,فعال,65.1,5357089,7590385,0,F00-بدون خطا,0,41,0.73,82.9,4.09,2117,35.79172,51.36544,,,,15.1
THR-R10-TR-00414,ترانسفورماتور توزیع,منطقه ۱۰ (آزادی),R10,آریا رله,1391,13,فعال,55.3,306499035,477937650,0,F00-بدون خطا,1,242,0.88,63.9,2.49,2028,35.66896,51.36329,,,,6.0
THR-R22-TR-00415,ترانسفورماتور توزیع,منطقه ۲۲ (چیتگر),R22,ایران ترانسفو,1387,17,بازسازی شده,48.7,217909783,463424150,0,F00-بدون خطا,2,497,0.49,67.1,4.39,604,35.74478,51.17903,,,,5.3
THR-R09-RL-00416,رله حفاظتی,منطقه ۹ (مهرآباد),R09,پارس الکتریک,1395,9,در تعمیر,68.6,31966875,44240434,14663744,F06-پیری,1,106,0.53,76.9,1.03,990,35.67122,51.33876,,بازسازی,0.93,4.8
THR-R12-TR-00417,ترانسفورماتور توزیع,منطقه ۱۲ (بازار),R12,آریا رله,1387,17,فعال,49.8,167922732,483387105,0,F00-بدون خطا,2,614,0.9,48.9,6.4,1284,35.6968,51.42861,,,,5.6
THR-R15-IN-00418,مقره,منطقه ۱۵ (خاوران),R15,پارس سوئیچ,1393,11,فعال,64.2,5021528,8255653,0,F00-بدون خطا,1,527,0.48,72.0,5.94,570,35.6472,51.45405,,,,11.7
THR-R22-TR-00419,ترانسفورماتور توزیع,منطقه ۲۲ (چیتگر),R22,پارس سوئیچ,1387,17,فعال,39.0,207924311,464747941,0,F00-بدون خطا,1,365,0.62,80.0,3.96,1756,35.71742,51.21602,,,,3.5
THR-R19-IN-00420,مقره,منطقه ۱۹ (عبدالله‌آباد),R19,فولاد مبارکه,1392,12,فعال,69.5,5778423,9082573,0,F00-بدون خطا,0,355,0.9,69.6,4.25,804,35.62493,51.35571,,,,13.8
THR-R11-CB-00421,کلید قدرت,منطقه ۱۱ (انقلاب),R11,پارس سوئیچ,1378,26,فعال,35.0,30508594,192866813,0,F00-بدون خطا,6,605,0.7,57.1,4.6,728,35.67424,51.37798,,,,0.5
THR-R16-RL-00422,رله حفاظتی,منطقه ۱۶ (علی‌آباد),R16,فولاد مبارکه,1402,2,فعال,79.2,37580796,42705451,0,F00-بدون خطا,1,454,0.63,50.0,3.07,2035,35.62422,51.38511,,,,9.3
THR-R13-TR-00423,ترانسفورماتور توزیع,منطقه ۱۳ (پیروزی),R13,آریا رله,1395,9,فعال,39.7,365636882,456675853,0,F00-بدون خطا,0,558,0.48,71.0,4.03,860,35.71696,51.46227,,,,5.5
THR-R01-RL-00424,رله حفاظتی,منطقه ۱ (تجریش/نیاوران),R01,آریا رله,1398,6,در تعمیر,72.5,42222333,53457178,5806843,F06-پیری,1,147,0.7,73.8,1.06,500,35.7843,51.4114,,تعمیر,0.86,7.8
THR-R13-CB-00425,کلید قدرت,منطقه ۱۳ (پیروزی),R13,آریا رله,1387,17,فعال,48.7,79265042,171173901,0,F00-بدون خطا,2,481,0.62,87.6,4.7,1463,35.68135,51.46116,,,,0.5
THR-R14-IN-00426,مقره,منطقه ۱۴ (نبرد),R14,پارس سوئیچ,1382,22,فعال,33.8,2827349,7384219,0,F00-بدون خطا,2,183,0.75,64.4,3.59,1732,35.64521,51.46852,,,,0.5
THR-R01-TR-00427,ترانسفورماتور توزیع,منطقه ۱ (تجریش/نیاوران),R01,مپنا,1401,3,امحا شده,75.8,388493267,450275166,0,F00-بدون خطا,0,531,0.79,60.6,3.04,772,35.78825,51.41412,,,,16.8
THR-R04-TR-00428,ترانسفورماتور توزیع,منطقه ۴ (تهرانپارس),R04,مپنا,1398,6,در تعمیر,70.5,328593080,429169271,133771904,F06-پیری,1,653,0.88,50.9,2.4,279,35.74888,51.52235,,بازسازی,0.85,13.1
THR-R20-CBM-00429,کابل فشار متوسط,منطقه ۲۰ (شهرری),R20,پارس الکتریک,1399,5,فعال,86.9,23315316,29943859,0,F00-بدون خطا,0,133,0.64,64.4,6.38,1787,35.57703,51.45872,,,,25.5
THR-R15-TR-00430,ترانسفورماتور توزیع,منطقه ۱۵ (خاوران),R15,پارس الکتریک,1395,9,فعال,70.9,325439291,450116016,0,F00-بدون خطا,0,717,0.72,81.3,5.38,118,35.65154,51.456,,,,10.7
THR-R10-TR-00431,ترانسفورماتور توزیع,منطقه ۱۰ (آزادی),R10,پارس الکتریک,1381,23,بازگشتی,27.3,150892620,461135506,47907173,F05-رطوبت,4,155,0.52,86.0,5.81,1795,35.68514,51.36098,2026-06-11,امحا,0.82,0.5
THR-R04-CB-00432,کلید قدرت,منطقه ۴ (تهرانپارس),R04,فولاد مبارکه,1397,7,فعال,86.3,143632270,198137827,0,F00-بدون خطا,0,218,0.62,71.8,4.08,898,35.73919,51.51592,,,,9.8
THR-R09-IN-00433,مقره,منطقه ۹ (مهرآباد),R09,پارس سوئیچ,1384,20,فعال,36.2,2797696,8528332,0,F00-بدون خطا,2,55,0.72,58.4,4.76,2113,35.69351,51.30551,,,,5.1
THR-R07-RL-00434,رله حفاظتی,منطقه ۷ (بهار/شریعتی),R07,پارس الکتریک,1393,11,فعال,59.9,35841806,50422840,0,F00-بدون خطا,0,106,0.51,58.5,3.19,532,35.72551,51.43941,,,,2.8
THR-R19-RL-00435,رله حفاظتی,منطقه ۱۹ (عبدالله‌آباد),R19,پارس الکتریک,1382,22,بازیافت شده,44.6,20400885,44390491,0,F00-بدون خطا,5,118,0.46,71.4,6.17,1128,35.59532,51.35981,,,,0.5
THR-R21-TR-00436,ترانسفورماتور توزیع,منطقه ۲۱ (تهرانسر),R21,پارس سوئیچ,1387,17,فعال,45.0,195459438,417341968,0,F00-بدون خطا,0,55,0.64,68.9,5.91,1270,35.70628,51.25253,,,,2.0
THR-R12-IN-00437,مقره,منطقه ۱۲ (بازار),R12,ایران ترانسفو,1388,16,فعال,56.2,5189041,9337580,0,F00-بدون خطا,0,24,0.88,70.9,1.83,646,35.67985,51.43551,,,,9.7
THR-R22-CB-00438,کلید قدرت,منطقه ۲۲ (چیتگر),R22,آریا رله,1388,16,فعال,41.9,80722455,175330279,0,F00-بدون خطا,4,110,0.73,65.1,4.31,1606,35.73032,51.20276,,,,0.9
THR-R11-TR-00439,ترانسفورماتور توزیع,منطقه ۱۱ (انقلاب),R11,فولاد مبارکه,1390,14,فعال,50.2,214048264,433889281,0,F00-بدون خطا,2,504,0.83,85.3,0.91,1807,35.67916,51.39502,,,,7.1
THR-R21-IN-00440,مقره,منطقه ۲۱ (تهرانسر),R21,ایران ترانسفو,1383,21,فعال,53.4,4195032,8791265,0,F00-بدون خطا,1,441,0.92,76.8,2.44,2057,35.70895,51.27159,,,,3.0
THR-R19-RL-00441,رله حفاظتی,منطقه ۱۹ (عبدالله‌آباد),R19,پارس الکتریک,1383,21,بازگشتی,40.6,15413031,43958585,3073888,F05-رطوبت,0,148,0.81,78.4,2.58,2058,35.60191,51.37796,2026-05-31,بازیافت,0.76,0.5
THR-R16-TR-00442,ترانسفورماتور توزیع,منطقه ۱۶ (علی‌آباد),R16,پارس الکتریک,1391,13,فعال,60.7,278360705,536835738,0,F00-بدون خطا,2,336,0.59,79.3,5.17,130,35.64728,51.42173,,,,6.8
THR-R22-CB-00443,کلید قدرت,منطقه ۲۲ (چیتگر),R22,مپنا,1401,3,بازگشتی,70.8,168886788,198272278,64607898,F06-پیری,1,550,0.75,77.8,2.12,470,35.74375,51.18534,2026-08-01,بازسازی,0.84,9.7
THR-R22-RL-00444,رله حفاظتی,منطقه ۲۲ (چیتگر),R22,مپنا,1393,11,فعال,56.3,24391513,43181526,0,F00-بدون خطا,0,642,0.62,78.1,5.91,303,35.75417,51.22046,,,,1.5
THR-R01-CB-00445,کلید قدرت,منطقه ۱ (تجریش/نیاوران),R01,پارس سوئیچ,1383,21,فعال,32.2,81290581,213639761,0,F00-بدون خطا,3,91,0.5,57.9,2.61,2093,35.79823,51.42616,,,,0.5
THR-R11-TR-00446,ترانسفورماتور توزیع,منطقه ۱۱ (انقلاب),R11,پارس الکتریک,1386,18,فعال,41.4,204607479,445832952,0,F00-بدون خطا,4,402,0.81,53.9,4.73,1731,35.70793,51.41786,,,,3.2
THR-R08-TR-00447,ترانسفورماتور توزیع,منطقه ۸ (تهران‌نو),R08,فولاد مبارکه,1392,12,در تعمیر,55.0,284346657,449768274,85363298,F01-حرارتی,3,338,0.85,53.5,6.23,566,35.73729,51.50053,,بازسازی,0.9,6.7
THR-R16-RL-00448,رله حفاظتی,منطقه ۱۶ (علی‌آباد),R16,مپنا,1378,26,فعال,18.6,14264800,50649639,0,F00-بدون خطا,0,577,0.6,82.3,1.55,80,35.6556,51.42229,,,,0.5
THR-R03-RL-00449,رله حفاظتی,منطقه ۳ (ونک/الهیه),R03,آریا رله,1397,7,بازگشتی,78.5,39601035,49649263,8349217,F06-پیری,1,387,0.85,63.3,1.76,302,35.77565,51.39344,2026-06-13,تعمیر,0.9,6.4
THR-R08-IN-00450,مقره,منطقه ۸ (تهران‌نو),R08,پارس الکتریک,1388,16,بازگشتی,44.2,3910729,7654069,1483489,F06-پیری,2,478,0.84,81.2,4.84,547,35.73056,51.50522,2026-09-13,بازیافت,0.8,7.7
THR-R22-TR-00451,ترانسفورماتور توزیع,منطقه ۲۲ (چیتگر),R22,مپنا,1388,16,فعال,58.1,251911749,454002683,0,F00-بدون خطا,4,397,0.87,49.9,6.28,515,35.75896,51.21127,,,,5.0
THR-R02-IN-00452,مقره,منطقه ۲ (سعادت‌آباد),R02,آریا رله,1393,11,فعال,48.5,5457322,7849342,0,F00-بدون خطا,0,640,0.59,79.0,3.04,882,35.76744,51.4021,,,,11.0
THR-R07-TR-00453,ترانسفورماتور توزیع,منطقه ۷ (بهار/شریعتی),R07,ایران ترانسفو,1390,14,فعال,59.0,254694121,454833386,0,F00-بدون خطا,2,439,0.86,68.2,3.69,270,35.71286,51.4322,,,,3.2
THR-R21-IN-00454,مقره,منطقه ۲۱ (تهرانسر),R21,پارس الکتریک,1396,8,فعال,69.7,6302904,8791550,0,F00-بدون خطا,1,618,0.65,79.4,1.92,2145,35.70477,51.24576,,,,15.2
THR-R05-CBM-00455,کابل فشار متوسط,منطقه ۵ (پونک/جنت‌آباد),R05,مپنا,1378,26,بازگشتی,37.4,7064153,25642273,2012508,F05-رطوبت,3,509,0.92,65.4,6.05,2162,35.74783,51.33261,2026-06-18,بازیافت,0.83,0.9
THR-R06-RL-00456,رله حفاظتی,منطقه ۶ (یوسف‌آباد),R06,پارس الکتریک,1383,21,در تعمیر,42.1,14668867,43257268,3971306,F01-حرارتی,3,629,0.85,77.7,1.76,1398,35.71598,51.37501,,بازیافت,0.88,0.5
THR-R17-IN-00457,مقره,منطقه ۱۷ (آذری),R17,فولاد مبارکه,1391,13,امحا شده,60.3,4893889,8233285,0,F00-بدون خطا,2,366,0.74,76.7,1.43,1284,35.64096,51.36062,,,,8.8
THR-R15-IN-00458,مقره,منطقه ۱۵ (خاوران),R15,مپنا,1382,22,فعال,23.9,3180667,8018986,0,F00-بدون خطا,5,336,0.69,82.5,5.74,970,35.63721,51.46878,,,,1.4
THR-R07-TR-00459,ترانسفورماتور توزیع,منطقه ۷ (بهار/شریعتی),R07,پارس الکتریک,1400,4,فعال,75.8,393534225,470236330,0,F00-بدون خطا,0,680,0.92,82.3,1.35,808,35.74434,51.45273,,,,16.2
THR-R17-CB-00460,کلید قدرت,منطقه ۱۷ (آذری),R17,مپنا,1398,6,فعال,62.4,119059994,162377042,0,F00-بدون خطا,1,506,0.83,61.5,5.52,1789,35.65517,51.34674,,,,10.3
THR-R22-RL-00461,رله حفاظتی,منطقه ۲۲ (چیتگر),R22,مپنا,1395,9,فعال,53.8,27338157,41420519,0,F00-بدون خطا,0,124,0.63,83.0,5.96,183,35.72436,51.20278,,,,2.4
THR-R13-TR-00462,ترانسفورماتور توزیع,منطقه ۱۳ (پیروزی),R13,آریا رله,1399,5,فعال,58.2,296201698,419418095,0,F00-بدون خطا,0,714,0.59,59.9,2.63,1106,35.72267,51.45801,,,,11.5
THR-R05-IN-00463,مقره,منطقه ۵ (پونک/جنت‌آباد),R05,آریا رله,1400,4,در تعمیر,80.3,6073675,7493994,2117079,F05-رطوبت,0,478,0.9,57.9,5.7,499,35.74119,51.29853,,تعمیر,0.85,21.1
THR-R20-IN-00464,مقره,منطقه ۲۰ (شهرری),R20,پارس سوئیچ,1401,3,بازگشتی,89.1,6355694,7231749,1933662,F06-پیری,1,538,0.84,83.5,1.94,1258,35.60347,51.46174,2026-06-29,تعمیر,0.95,23.8
THR-R22-TR-00465,ترانسفورماتور توزیع,منطقه ۲۲ (چیتگر),R22,ایران ترانسفو,1390,14,فعال,44.7,231236398,455902280,0,F00-بدون خطا,0,272,0.53,60.4,3.67,911,35.73467,51.20223,,,,5.5
THR-R20-IN-00466,مقره,منطقه ۲۰ (شهرری),R20,پارس الکتریک,1392,12,بازسازی شده,49.9,5658587,8749282,0,F00-بدون خطا,1,213,0.49,63.1,3.16,1284,35.57279,51.44235,,,,9.9
THR-R15-TR-00467,ترانسفورماتور توزیع,منطقه ۱۵ (خاوران),R15,فولاد مبارکه,1399,5,فعال,71.4,344978945,429177816,0,F00-بدون خطا,0,56,0.5,87.3,2.98,1835,35.63461,51.48239,,,,14.8
THR-R09-CB-00468,کلید قدرت,منطقه ۹ (مهرآباد),R09,آریا رله,1382,22,فعال,31.4,58865054,195894119,0,F00-بدون خطا,0,492,0.89,84.7,5.86,714,35.6746,51.3023,,,,0.8
THR-R02-TR-00469,ترانسفورماتور توزیع,منطقه ۲ (سعادت‌آباد),R02,مپنا,1388,16,بازگشتی,57.9,217951124,414319986,52422488,F04-الکتریکی,4,381,0.83,63.3,1.55,378,35.77069,51.38678,2026-06-17,بازسازی,0.87,4.0
THR-R11-CB-00470,کلید قدرت,منطقه ۱۱ (انقلاب),R11,مپنا,1383,21,بازگشتی,37.7,59032948,178194470,20744545,F04-الکتریکی,4,428,0.84,56.2,3.47,456,35.69505,51.4098,2026-08-12,بازیافت,0.79,0.5
THR-R08-IN-00471,مقره,منطقه ۸ (تهران‌نو),R08,پارس سوئیچ,1399,5,فعال,67.3,6229797,7463671,0,F00-بدون خطا,1,648,0.48,72.4,2.17,2025,35.74918,51.49215,,,,15.5
THR-R18-IN-00472,مقره,منطقه ۱۸ (یافت‌آباد),R18,پارس سوئیچ,1398,6,فعال,78.6,5633173,7553191,0,F00-بدون خطا,1,672,0.88,48.2,3.56,1078,35.6299,51.27949,,,,18.6
THR-R02-RL-00473,رله حفاظتی,منطقه ۲ (سعادت‌آباد),R02,آریا رله,1388,16,فعال,51.4,24676416,53001804,0,F00-بدون خطا,3,568,0.71,83.4,3.96,1238,35.76308,51.40329,,,,0.5
THR-R01-CBM-00474,کابل فشار متوسط,منطقه ۱ (تجریش/نیاوران),R01,ایران ترانسفو,1402,2,فعال,68.3,19578907,23746720,0,F00-بدون خطا,1,318,0.62,78.4,2.73,868,35.82522,51.42559,,,,22.7
THR-R11-CB-00475,کلید قدرت,منطقه ۱۱ (انقلاب),R11,ایران ترانسفو,1381,23,فعال,47.3,52392573,164678719,0,F00-بدون خطا,5,230,0.88,65.0,2.75,953,35.67785,51.39825,,,,0.5
THR-R22-TR-00476,ترانسفورماتور توزیع,منطقه ۲۲ (چیتگر),R22,ایران ترانسفو,1381,23,فعال,24.0,142623489,471021534,0,F00-بدون خطا,5,717,0.72,78.5,5.43,709,35.73258,51.22048,,,,1.1
THR-R01-CB-00477,کلید قدرت,منطقه ۱ (تجریش/نیاوران),R01,پارس سوئیچ,1388,16,فعال,48.0,84498563,207817475,0,F00-بدون خطا,0,272,0.8,80.2,5.62,368,35.79756,51.4489,,,,2.1
THR-R19-IN-00478,مقره,منطقه ۱۹ (عبدالله‌آباد),R19,فولاد مبارکه,1386,18,فعال,45.8,3414346,8164503,0,F00-بدون خطا,3,338,0.8,62.3,4.42,149,35.62869,51.35752,,,,5.3
THR-R13-RL-00479,رله حفاظتی,منطقه ۱۳ (پیروزی),R13,مپنا,1395,9,فعال,73.8,31647747,47866895,0,F00-بدون خطا,2,61,0.55,86.7,4.88,377,35.6852,51.4696,,,,4.3
THR-R12-CBM-00480,کابل فشار متوسط,منطقه ۱۲ (بازار),R12,ایران ترانسفو,1381,23,فعال,47.0,7861412,26063252,0,F00-بدون خطا,4,303,0.78,58.1,3.35,1872,35.6949,51.42125,,,,6.3
THR-R13-TR-00481,ترانسفورماتور توزیع,منطقه ۱۳ (پیروزی),R13,پارس سوئیچ,1399,5,فعال,72.4,321339184,405127361,0,F00-بدون خطا,0,415,0.84,70.0,1.67,1288,35.67696,51.50386,,,,15.4
THR-R21-TR-00482,ترانسفورماتور توزیع,منطقه ۲۱ (تهرانسر),R21,مپنا,1399,5,بازسازی شده,62.0,424925396,503718829,0,F00-بدون خطا,0,583,0.72,61.7,4.5,659,35.71349,51.27377,,,,14.2
THR-R04-TR-00483,ترانسفورماتور توزیع,منطقه ۴ (تهرانپارس),R04,پارس الکتریک,1396,8,بازگشتی,68.4,354082706,515125626,118629198,F03-مکانیکی,0,367,0.49,79.1,5.63,947,35.73468,51.51867,2026-08-04,بازسازی,0.91,11.1
THR-R21-IN-00484,مقره,منطقه ۲۱ (تهرانسر),R21,آریا رله,1382,22,فعال,46.1,2431106,7597199,0,F00-بدون خطا,4,213,0.75,55.9,2.01,549,35.71033,51.25177,,,,2.2
THR-R06-RL-00485,رله حفاظتی,منطقه ۶ (یوسف‌آباد),R06,مپنا,1396,8,بازسازی شده,61.5,34313574,48056552,0,F00-بدون خطا,2,89,0.79,85.2,3.81,1270,35.7479,51.40835,,,,5.0
THR-R22-TR-00486,ترانسفورماتور توزیع,منطقه ۲۲ (چیتگر),R22,آریا رله,1381,23,فعال,30.0,122878001,445874642,0,F00-بدون خطا,2,146,0.73,54.7,2.96,1040,35.74162,51.20322,,,,1.0
THR-R04-TR-00487,ترانسفورماتور توزیع,منطقه ۴ (تهرانپارس),R04,فولاد مبارکه,1380,24,بازیافت شده,34.4,142079441,503230203,0,F00-بدون خطا,3,351,0.76,72.9,4.23,1332,35.76113,51.53311,,,,0.5
THR-R19-TR-00488,ترانسفورماتور توزیع,منطقه ۱۹ (عبدالله‌آباد),R19,پارس سوئیچ,1396,8,فعال,68.2,396131772,450149741,0,F00-بدون خطا,1,19,0.83,55.4,1.28,1362,35.62097,51.34488,,,,10.3
THR-R08-RL-00489,رله حفاظتی,منطقه ۸ (تهران‌نو),R08,پارس سوئیچ,1400,4,در تعمیر,86.0,37093428,46409177,8146884,F03-مکانیکی,1,710,0.47,67.0,2.72,1438,35.73291,51.49235,,تعمیر,0.93,7.0
THR-R16-CB-00490,کلید قدرت,منطقه ۱۶ (علی‌آباد),R16,پارس سوئیچ,1389,15,در تعمیر,47.7,115204661,188190971,17366537,F05-رطوبت,0,676,0.56,67.3,3.25,415,35.66362,51.4009,,بازسازی,0.87,2.8
THR-R09-IN-00491,مقره,منطقه ۹ (مهرآباد),R09,پارس الکتریک,1382,22,بازسازی شده,34.9,2803892,7667899,0,F00-بدون خطا,2,656,0.51,49.5,1.1,393,35.69025,51.33344,,,,2.9
THR-R03-IN-00492,مقره,منطقه ۳ (ونک/الهیه),R03,ایران ترانسفو,1394,10,بازگشتی,52.6,6144669,9225584,1317828,F05-رطوبت,0,579,0.72,70.8,2.69,1147,35.75309,51.387,2026-07-18,بازسازی,0.85,9.8
THR-R18-CB-00493,کلید قدرت,منطقه ۱۸ (یافت‌آباد),R18,مپنا,1402,2,فعال,69.4,159642663,181807109,0,F00-بدون خطا,0,312,0.78,59.4,4.4,628,35.61997,51.31333,,,,12.8
THR-R15-CB-00494,کلید قدرت,منطقه ۱۵ (خاوران),R15,پارس سوئیچ,1380,24,فعال,45.7,44732139,202919934,0,F00-بدون خطا,5,643,0.88,50.2,3.57,759,35.6291,51.4509,,,,0.5
THR-R17-TR-00495,ترانسفورماتور توزیع,منطقه ۱۷ (آذری),R17,پارس الکتریک,1383,21,فعال,42.5,191646697,478764955,0,F00-بدون خطا,5,510,0.69,52.0,0.89,1549,35.64749,51.35216,,,,1.9
THR-R02-TR-00496,ترانسفورماتور توزیع,منطقه ۲ (سعادت‌آباد),R02,پارس سوئیچ,1393,11,فعال,68.1,309752682,486433763,0,F00-بدون خطا,1,58,0.89,71.0,1.52,926,35.75899,51.38916,,,,10.0
THR-R17-CBM-00497,کابل فشار متوسط,منطقه ۱۷ (آذری),R17,ایران ترانسفو,1389,15,فعال,59.2,14113595,25548124,0,F00-بدون خطا,0,679,0.51,60.4,1.95,1407,35.67899,51.36743,,,,12.1
THR-R04-RL-00498,رله حفاظتی,منطقه ۴ (تهرانپارس),R04,مپنا,1394,10,بازگشتی,67.5,33722853,49631377,7700541,F06-پیری,1,572,0.56,72.7,1.03,792,35.7242,51.53282,2026-08-08,بازسازی,0.85,3.7
THR-R21-TR-00499,ترانسفورماتور توزیع,منطقه ۲۱ (تهرانسر),R21,فولاد مبارکه,1396,8,بازگشتی,68.3,265875510,424974375,126151445,F05-رطوبت,1,243,0.72,48.8,1.0,2195,35.68545,51.23152,2026-08-05,بازسازی,0.84,12.4
THR-R12-IN-00500,مقره,منطقه ۱۲ (بازار),R12,مپنا,1389,15,فعال,41.9,5553327,9324573,0,F00-بدون خطا,0,157,0.88,63.5,5.53,1881,35.65434,51.42192,,,,6.0
THR-R06-TR-00501,ترانسفورماتور توزیع,منطقه ۶ (یوسف‌آباد),R06,پارس سوئیچ,1394,10,بازگشتی,55.2,393969358,531654458,86359674,F02-عایق,0,385,0.48,63.5,2.41,564,35.72161,51.41004,2026-07-03,بازسازی,0.89,9.0
THR-R08-TR-00502,ترانسفورماتور توزیع,منطقه ۸ (تهران‌نو),R08,فولاد مبارکه,1388,16,در تعمیر,40.7,305761104,536843381,78211440,F06-پیری,3,230,0.53,85.9,2.05,740,35.74509,51.49673,,بازیافت,0.88,4.7
THR-R21-IN-00503,مقره,منطقه ۲۱ (تهرانسر),R21,مپنا,1378,26,فعال,39.6,1491607,8145012,0,F00-بدون خطا,4,179,0.48,60.0,3.5,631,35.70541,51.24723,,,,0.6
THR-R21-CB-00504,کلید قدرت,منطقه ۲۱ (تهرانسر),R21,پارس سوئیچ,1396,8,فعال,74.2,129117938,183599082,0,F00-بدون خطا,1,544,0.87,54.1,4.21,1740,35.67787,51.25417,,,,7.7
THR-R20-CBM-00505,کابل فشار متوسط,منطقه ۲۰ (شهرری),R20,پارس سوئیچ,1398,6,فعال,62.4,24203407,27758231,0,F00-بدون خطا,0,474,0.62,87.2,3.2,2010,35.58554,51.44023,,,,17.7
THR-R16-TR-00506,ترانسفورماتور توزیع,منطقه ۱۶ (علی‌آباد),R16,پارس سوئیچ,1391,13,بازگشتی,58.5,316436749,501830353,104280226,F05-رطوبت,2,717,0.67,63.4,6.31,1483,35.65489,51.41822,2026-05-30,بازسازی,0.85,7.0
THR-R15-CB-00507,کلید قدرت,منطقه ۱۵ (خاوران),R15,ایران ترانسفو,1380,24,فعال,24.5,60530767,208599819,0,F00-بدون خطا,1,31,0.86,56.2,5.51,908,35.63903,51.43844,,,,0.5
THR-R17-IN-00508,مقره,منطقه ۱۷ (آذری),R17,پارس سوئیچ,1394,10,بازگشتی,74.6,6077005,9532428,1850700,F05-رطوبت,0,502,0.59,55.7,1.54,239,35.64954,51.35847,2026-06-05,تعمیر,0.94,15.0
THR-R18-CB-00509,کلید قدرت,منطقه ۱۸ (یافت‌آباد),R18,مپنا,1381,23,فعال,44.6,50691550,187467823,0,F00-بدون خطا,4,16,0.61,87.5,3.57,1847,35.62637,51.28331,,,,0.5
THR-R17-TR-00510,ترانسفورماتور توزیع,منطقه ۱۷ (آذری),R17,فولاد مبارکه,1379,25,بازگشتی,25.1,183212895,537801063,25294945,F02-عایق,6,405,0.54,49.6,0.92,1515,35.63983,51.37102,2026-07-12,امحا,0.84,0.5
THR-R19-TR-00511,ترانسفورماتور توزیع,منطقه ۱۹ (عبدالله‌آباد),R19,آریا رله,1382,22,فعال,35.0,164773813,468142283,0,F00-بدون خطا,0,627,0.7,67.1,3.02,1753,35.62529,51.35642,,,,0.9
THR-R09-TR-00512,ترانسفورماتور توزیع,منطقه ۹ (مهرآباد),R09,مپنا,1400,4,در تعمیر,87.1,466516617,530132520,217555853,F05-رطوبت,0,22,0.9,53.7,4.11,1616,35.69045,51.31764,,بازسازی,0.82,16.4
THR-R21-TR-00513,ترانسفورماتور توزیع,منطقه ۲۱ (تهرانسر),R21,فولاد مبارکه,1388,16,فعال,46.5,208466579,459670759,0,F00-بدون خطا,1,682,0.52,65.6,3.71,1118,35.72494,51.22775,,,,3.2
THR-R09-IN-00514,مقره,منطقه ۹ (مهرآباد),R09,پارس سوئیچ,1391,13,بازگشتی,55.9,4024101,7408720,922159,F06-پیری,3,438,0.72,84.4,0.84,2056,35.71333,51.34224,2026-09-03,بازسازی,0.83,8.2
THR-R12-CB-00515,کلید قدرت,منطقه ۱۲ (بازار),R12,آریا رله,1393,11,فعال,59.3,109040095,162766618,0,F00-بدون خطا,2,422,0.92,59.5,3.87,645,35.66288,51.4175,,,,6.6
THR-R22-TR-00516,ترانسفورماتور توزیع,منطقه ۲۲ (چیتگر),R22,پارس سوئیچ,1385,19,فعال,52.3,127667454,427836855,0,F00-بدون خطا,0,535,0.68,72.1,2.1,1720,35.76387,51.21767,,,,4.2
THR-R11-IN-00517,مقره,منطقه ۱۱ (انقلاب),R11,پارس الکتریک,1397,7,بازگشتی,88.3,6538085,8436400,3115414,F02-عایق,1,20,0.61,65.3,5.26,453,35.69557,51.39355,2026-06-12,بازسازی,0.84,19.6
THR-R05-CB-00518,کلید قدرت,منطقه ۵ (پونک/جنت‌آباد),R05,پارس سوئیچ,1397,7,فعال,77.3,159653905,193130400,0,F00-بدون خطا,1,394,0.56,57.0,3.68,407,35.7521,51.3355,,,,10.0
THR-R20-TR-00519,ترانسفورماتور توزیع,منطقه ۲۰ (شهرری),R20,پارس الکتریک,1390,14,بازیافت شده,50.9,310628956,465144904,0,F00-بدون خطا,2,626,0.72,76.7,2.92,315,35.61335,51.44356,,,,6.9
THR-R06-CB-00520,کلید قدرت,منطقه ۶ (یوسف‌آباد),R06,ایران ترانسفو,1392,12,فعال,58.4,111706864,183301887,0,F00-بدون خطا,1,628,0.9,86.3,2.21,2171,35.74835,51.3872,,,,3.6
THR-R17-RL-00521,رله حفاظتی,منطقه ۱۷ (آذری),R17,پارس سوئیچ,1397,7,فعال,79.4,39595071,53549399,0,F00-بدون خطا,1,685,0.58,77.5,1.09,81,35.65717,51.35105,,,,8.7
THR-R06-TR-00522,ترانسفورماتور توزیع,منطقه ۶ (یوسف‌آباد),R06,فولاد مبارکه,1386,18,در تعمیر,46.4,198921584,452718880,46473643,F06-پیری,3,615,0.6,87.0,3.14,900,35.72955,51.39104,,بازسازی,0.81,2.6
THR-R17-TR-00523,ترانسفورماتور توزیع,منطقه ۱۷ (آذری),R17,پارس الکتریک,1400,4,فعال,96.3,409984499,537751003,0,F00-بدون خطا,1,587,0.49,75.1,1.17,1505,35.64708,51.36906,,,,21.1
THR-R12-CBM-00524,کابل فشار متوسط,منطقه ۱۲ (بازار),R12,فولاد مبارکه,1386,18,فعال,59.4,12557859,24082274,0,F00-بدون خطا,3,603,0.85,66.4,2.04,99,35.69208,51.39652,,,,10.8
THR-R09-TR-00525,ترانسفورماتور توزیع,منطقه ۹ (مهرآباد),R09,آریا رله,1394,10,فعال,76.7,284086090,478548146,0,F00-بدون خطا,2,363,0.64,76.2,2.04,559,35.67128,51.30949,,,,10.6
THR-R17-CBM-00526,کابل فشار متوسط,منطقه ۱۷ (آذری),R17,فولاد مبارکه,1395,9,در تعمیر,57.7,18867237,29823423,8748358,F06-پیری,1,591,0.6,58.7,3.68,2060,35.67501,51.34708,,بازسازی,0.79,13.1
THR-R08-RL-00527,رله حفاظتی,منطقه ۸ (تهران‌نو),R08,فولاد مبارکه,1402,2,فعال,78.8,45676985,51905665,0,F00-بدون خطا,0,134,0.78,48.4,3.13,1136,35.72298,51.50936,,,,9.8
THR-R03-TR-00528,ترانسفورماتور توزیع,منطقه ۳ (ونک/الهیه),R03,آریا رله,1385,19,بازگشتی,43.7,243551454,508443138,55888743,F03-مکانیکی,3,543,0.79,75.7,6.43,119,35.77258,51.3997,2026-06-28,بازیافت,0.8,1.3
THR-R09-TR-00529,ترانسفورماتور توزیع,منطقه ۹ (مهرآباد),R09,مپنا,1380,24,فعال,37.1,107361242,487307057,0,F00-بدون خطا,0,197,0.58,67.0,2.7,2031,35.71075,51.30282,,,,0.9
THR-R11-TR-00530,ترانسفورماتور توزیع,منطقه ۱۱ (انقلاب),R11,پارس الکتریک,1396,8,فعال,80.7,372503295,481856172,0,F00-بدون خطا,1,219,0.47,57.3,3.6,1041,35.69659,51.40094,,,,13.9
THR-R08-IN-00531,مقره,منطقه ۸ (تهران‌نو),R08,آریا رله,1384,20,فعال,35.5,3044070,8409918,0,F00-بدون خطا,4,174,0.89,82.7,4.83,516,35.72114,51.48791,,,,2.2
THR-R04-CBM-00532,کابل فشار متوسط,منطقه ۴ (تهرانپارس),R04,مپنا,1399,5,بازیافت شده,67.6,23457541,28559679,0,F00-بدون خطا,0,58,0.75,81.4,4.09,2055,35.75339,51.5007,,,,19.9
THR-R12-CB-00533,کلید قدرت,منطقه ۱۲ (بازار),R12,پارس سوئیچ,1393,11,بازسازی شده,54.1,142321362,190550195,0,F00-بدون خطا,1,538,0.59,69.8,1.56,1227,35.65172,51.42695,,,,4.7
THR-R13-TR-00534,ترانسفورماتور توزیع,منطقه ۱۳ (پیروزی),R13,مپنا,1396,8,فعال,55.8,331274448,427052850,0,F00-بدون خطا,1,48,0.86,69.1,3.46,2138,35.68022,51.46228,,,,10.3
THR-R12-TR-00535,ترانسفورماتور توزیع,منطقه ۱۲ (بازار),R12,آریا رله,1399,5,در تعمیر,70.9,402692140,522179944,168384475,F01-حرارتی,1,720,0.63,85.7,4.28,114,35.6813,51.39876,,بازسازی,0.82,13.4
THR-R01-RL-00536,رله حفاظتی,منطقه ۱ (تجریش/نیاوران),R01,پارس سوئیچ,1390,14,بازگشتی,49.4,24528225,42018792,9441682,F03-مکانیکی,2,576,0.92,58.5,2.39,1156,35.79315,51.44116,2026-08-26,بازسازی,0.83,1.5
THR-R09-CB-00537,کلید قدرت,منطقه ۹ (مهرآباد),R09,فولاد مبارکه,1397,7,فعال,78.9,165967602,207164443,0,F00-بدون خطا,1,230,0.51,74.0,6.4,1796,35.71372,51.34378,,,,11.9
THR-R12-TR-00538,ترانسفورماتور توزیع,منطقه ۱۲ (بازار),R12,مپنا,1390,14,فعال,66.2,226430745,410392976,0,F00-بدون خطا,1,717,0.78,66.4,1.11,1016,35.66811,51.43632,,,,8.3
THR-R04-RL-00539,رله حفاظتی,منطقه ۴ (تهرانپارس),R04,پارس الکتریک,1385,19,بازگشتی,30.6,15544542,53035499,5452885,F02-عایق,1,168,0.77,74.5,4.88,2017,35.73058,51.52127,2026-06-14,بازیافت,0.78,0.5
THR-R01-TR-00540,ترانسفورماتور توزیع,منطقه ۱ (تجریش/نیاوران),R01,آریا رله,1393,11,فعال,41.2,251867169,421908916,0,F00-بدون خطا,1,271,0.73,82.8,5.88,275,35.81218,51.41119,,,,4.4
THR-R13-TR-00541,ترانسفورماتور توزیع,منطقه ۱۳ (پیروزی),R13,پارس الکتریک,1383,21,فعال,23.7,104045684,415390839,0,F00-بدون خطا,3,113,0.84,83.1,2.19,1922,35.70854,51.49606,,,,0.5
THR-R11-TR-00542,ترانسفورماتور توزیع,منطقه ۱۱ (انقلاب),R11,فولاد مبارکه,1389,15,بازگشتی,38.4,193528340,418753633,86701350,F03-مکانیکی,0,139,0.85,65.5,2.75,1518,35.70603,51.413,2026-06-06,بازیافت,0.73,4.1
THR-R22-CBM-00543,کابل فشار متوسط,منطقه ۲۲ (چیتگر),R22,آریا رله,1384,20,بازگشتی,36.0,11128906,28174849,3668940,F03-مکانیکی,2,704,0.47,70.9,5.47,2170,35.72433,51.18441,2026-07-25,بازیافت,0.72,6.8
THR-R15-IN-00544,مقره,منطقه ۱۵ (خاوران),R15,پارس سوئیچ,1390,14,بازگشتی,52.0,4316859,8631231,944168,F06-پیری,1,670,0.72,77.7,4.65,1461,35.61633,51.47176,2026-08-03,بازسازی,0.87,6.7
THR-R21-CB-00545,کلید قدرت,منطقه ۲۱ (تهرانسر),R21,پارس سوئیچ,1390,14,بازسازی شده,54.0,84435225,168809947,0,F00-بدون خطا,0,366,0.5,80.5,4.1,1014,35.68149,51.25881,,,,1.9
THR-R11-TR-00546,ترانسفورماتور توزیع,منطقه ۱۱ (انقلاب),R11,آریا رله,1387,17,بازگشتی,47.0,269343621,499942425,113233397,F03-مکانیکی,3,616,0.58,73.6,2.59,1924,35.66781,51.41238,2026-08-04,بازسازی,0.91,4.4
THR-R06-TR-00547,ترانسفورماتور توزیع,منطقه ۶ (یوسف‌آباد),R06,آریا رله,1378,26,فعال,20.8,118416751,501149727,0,F00-بدون خطا,5,96,0.55,53.8,5.13,942,35.71379,51.38677,,,,0.8
THR-R06-TR-00548,ترانسفورماتور توزیع,منطقه ۶ (یوسف‌آباد),R06,ایران ترانسفو,1381,23,فعال,30.6,148701893,424792965,0,F00-بدون خطا,4,41,0.52,75.3,4.18,1706,35.7373,51.38664,,,,0.6
THR-R17-RL-00549,رله حفاظتی,منطقه ۱۷ (آذری),R17,پارس الکتریک,1380,24,فعال,28.2,15446473,46547617,0,F00-بدون خطا,0,414,0.62,70.6,2.24,1347,35.65527,51.3842,,,,0.5
THR-R08-TR-00550,ترانسفورماتور توزیع,منطقه ۸ (تهران‌نو),R08,مپنا,1387,17,فعال,41.0,243663962,525935123,0,F00-بدون خطا,1,189,0.88,54.7,6.32,197,35.71017,51.50783,,,,3.7
THR-R02-RL-00551,رله حفاظتی,منطقه ۲ (سعادت‌آباد),R02,آریا رله,1388,16,بازسازی شده,50.7,24745240,49637070,0,F00-بدون خطا,4,576,0.52,52.2,3.21,1902,35.77008,51.36442,,,,0.5
THR-R05-CBM-00552,کابل فشار متوسط,منطقه ۵ (پونک/جنت‌آباد),R05,مپنا,1400,4,بازگشتی,68.4,19184054,23477403,6745773,F06-پیری,1,670,0.88,80.9,2.82,1348,35.74486,51.29988,2026-06-01,بازسازی,0.81,21.6
THR-R12-CB-00553,کلید قدرت,منطقه ۱۲ (بازار),R12,فولاد مبارکه,1385,19,در تعمیر,43.1,103601783,198564710,37893555,F03-مکانیکی,2,281,0.72,81.3,6.45,717,35.68144,51.40831,,بازیافت,0.88,0.5
THR-R10-TR-00554,ترانسفورماتور توزیع,منطقه ۱۰ (آزادی),R10,فولاد مبارکه,1394,10,در تعمیر,59.6,344761218,496029632,162997574,F03-مکانیکی,1,562,0.83,52.3,5.25,114,35.71428,51.36933,,بازسازی,0.82,7.9
THR-R16-CBM-00555,کابل فشار متوسط,منطقه ۱۶ (علی‌آباد),R16,مپنا,1393,11,فعال,54.1,18524739,27229764,0,F00-بدون خطا,1,251,0.89,85.6,1.8,109,35.63651,51.39689,,,,14.3
THR-R18-TR-00556,ترانسفورماتور توزیع,منطقه ۱۸ (یافت‌آباد),R18,پارس سوئیچ,1391,13,بازسازی شده,45.5,265460580,439133049,0,F00-بدون خطا,3,182,0.88,73.3,4.91,1676,35.61836,51.2884,,,,6.2
THR-R13-TR-00557,ترانسفورماتور توزیع,منطقه ۱۳ (پیروزی),R13,مپنا,1380,24,فعال,41.6,93897330,408796403,0,F00-بدون خطا,4,716,0.56,74.1,3.11,1193,35.69377,51.48634,,,,0.7
THR-R10-CB-00558,کلید قدرت,منطقه ۱۰ (آزادی),R10,پارس سوئیچ,1395,9,در تعمیر,57.7,106412251,162913291,47613437,F02-عایق,0,154,0.55,58.6,4.58,1266,35.67848,51.37598,,بازسازی,0.93,6.6
THR-R04-CB-00559,کلید قدرت,منطقه ۴ (تهرانپارس),R04,آریا رله,1397,7,فعال,75.9,127794823,169330276,0,F00-بدون خطا,0,34,0.5,58.9,5.45,703,35.76387,51.54322,,,,9.3
THR-R02-CBM-00560,کابل فشار متوسط,منطقه ۲ (سعادت‌آباد),R02,آریا رله,1378,26,فعال,26.6,4625609,25066691,0,F00-بدون خطا,2,143,0.65,54.7,6.42,1875,35.80407,51.38648,,,,2.1
THR-R01-TR-00561,ترانسفورماتور توزیع,منطقه ۱ (تجریش/نیاوران),R01,فولاد مبارکه,1382,22,فعال,34.3,155662961,414459273,0,F00-بدون خطا,2,334,0.68,81.7,3.34,2121,35.78223,51.41522,,,,1.9
THR-R12-CB-00562,کلید قدرت,منطقه ۱۲ (بازار),R12,آریا رله,1379,25,فعال,33.6,51602592,171394040,0,F00-بدون خطا,0,416,0.48,62.5,3.85,372,35.66806,51.42687,,,,0.5
THR-R18-CB-00563,کلید قدرت,منطقه ۱۸ (یافت‌آباد),R18,ایران ترانسفو,1384,20,بازسازی شده,39.9,81995004,206067064,0,F00-بدون خطا,3,139,0.64,72.2,4.39,1099,35.6366,51.31482,,,,1.1
THR-R13-RL-00564,رله حفاظتی,منطقه ۱۳ (پیروزی),R13,فولاد مبارکه,1392,12,فعال,64.6,23361955,41763051,0,F00-بدون خطا,1,111,0.56,56.5,5.0,933,35.67583,51.49868,,,,1.6
THR-R16-TR-00565,ترانسفورماتور توزیع,منطقه ۱۶ (علی‌آباد),R16,پارس الکتریک,1387,17,بازیافت شده,49.8,159249795,426938993,0,F00-بدون خطا,0,577,0.81,53.8,0.85,580,35.66299,51.41758,,,,3.7
THR-R09-CB-00566,کلید قدرت,منطقه ۹ (مهرآباد),R09,ایران ترانسفو,1387,17,فعال,60.6,88965473,186591324,0,F00-بدون خطا,1,256,0.65,76.7,3.32,1858,35.6909,51.29537,,,,1.4
THR-R11-TR-00567,ترانسفورماتور توزیع,منطقه ۱۱ (انقلاب),R11,ایران ترانسفو,1386,18,بازگشتی,34.1,249454316,514774170,82777734,F02-عایق,0,610,0.57,82.7,4.61,2026,35.67554,51.38684,2026-06-29,بازیافت,0.79,3.7
THR-R20-TR-00568,ترانسفورماتور توزیع,منطقه ۲۰ (شهرری),R20,ایران ترانسفو,1402,2,فعال,84.2,372030815,432574623,0,F00-بدون خطا,1,717,0.92,67.2,3.57,1466,35.59634,51.43294,,,,15.9
THR-R21-TR-00569,ترانسفورماتور توزیع,منطقه ۲۱ (تهرانسر),R21,پارس سوئیچ,1389,15,بازگشتی,63.0,275248282,513110443,77731993,F02-عایق,3,339,0.57,84.6,2.71,1502,35.71093,51.25431,2026-06-14,بازسازی,0.85,4.6
THR-R15-RL-00570,رله حفاظتی,منطقه ۱۵ (خاوران),R15,آریا رله,1378,26,بازگشتی,27.1,10995428,49025849,3468601,F06-پیری,1,55,0.74,65.9,5.23,2067,35.62147,51.45379,2026-06-27,امحا,0.81,0.5
THR-R15-CB-00571,کلید قدرت,منطقه ۱۵ (خاوران),R15,مپنا,1395,9,بازگشتی,61.6,124056737,183941940,56268505,F05-رطوبت,0,371,0.76,59.4,4.14,1405,35.65052,51.45595,2026-06-24,بازسازی,0.93,5.7
THR-R15-TR-00572,ترانسفورماتور توزیع,منطقه ۱۵ (خاوران),R15,مپنا,1397,7,بازیافت شده,70.6,340875788,438136352,0,F00-بدون خطا,0,173,0.77,72.6,5.89,1920,35.65088,51.47384,,,,11.4
THR-R10-IN-00573,مقره,منطقه ۱۰ (آزادی),R10,مپنا,1395,9,فعال,67.2,5216845,7795889,0,F00-بدون خطا,2,403,0.55,57.6,2.4,839,35.7144,51.35447,,,,15.2
THR-R01-CB-00574,کلید قدرت,منطقه ۱ (تجریش/نیاوران),R01,پارس الکتریک,1389,15,در تعمیر,62.5,74652634,163061180,32591958,F03-مکانیکی,0,566,0.45,75.2,5.51,1667,35.82768,51.42628,,بازسازی,0.83,2.5
THR-R07-CB-00575,کلید قدرت,منطقه ۷ (بهار/شریعتی),R07,آریا رله,1393,11,در تعمیر,60.4,129366424,204664495,44225809,F05-رطوبت,1,434,0.83,64.0,6.2,1399,35.69724,51.44613,,بازسازی,0.9,4.2
THR-R04-TR-00576,ترانسفورماتور توزیع,منطقه ۴ (تهرانپارس),R04,ایران ترانسفو,1399,5,فعال,62.9,413884618,470323430,0,F00-بدون خطا,0,221,0.49,85.5,5.51,518,35.75988,51.54039,,,,12.0
THR-R16-TR-00577,ترانسفورماتور توزیع,منطقه ۱۶ (علی‌آباد),R16,مپنا,1379,25,بازگشتی,21.6,143641650,513691093,61198206,F06-پیری,3,653,0.46,86.4,1.05,1128,35.62946,51.42261,2026-09-19,امحا,0.9,2.9
THR-R12-TR-00578,ترانسفورماتور توزیع,منطقه ۱۲ (بازار),R12,ایران ترانسفو,1400,4,فعال,86.1,432615057,494902867,0,F00-بدون خطا,1,494,0.7,66.4,3.64,328,35.69113,51.39566,,,,18.2
THR-R12-CB-00579,کلید قدرت,منطقه ۱۲ (بازار),R12,مپنا,1391,13,بازسازی شده,62.4,106235560,189173902,0,F00-بدون خطا,2,56,0.53,82.9,4.29,368,35.68826,51.41926,,,,4.9
THR-R10-TR-00580,ترانسفورماتور توزیع,منطقه ۱۰ (آزادی),R10,پارس الکتریک,1384,20,امحا شده,38.3,171591078,489622442,0,F00-بدون خطا,0,251,0.83,87.2,3.66,1658,35.67766,51.37518,,,,2.0
THR-R07-TR-00581,ترانسفورماتور توزیع,منطقه ۷ (بهار/شریعتی),R07,پارس الکتریک,1399,5,فعال,87.3,336507582,422883538,0,F00-بدون خطا,1,123,0.85,82.2,1.37,1546,35.72235,51.44231,,,,17.3
THR-R22-CB-00582,کلید قدرت,منطقه ۲۲ (چیتگر),R22,پارس سوئیچ,1399,5,فعال,70.9,167014139,209237367,0,F00-بدون خطا,0,578,0.5,72.9,2.83,1724,35.72145,51.211,,,,10.1
THR-R17-TR-00583,ترانسفورماتور توزیع,منطقه ۱۷ (آذری),R17,مپنا,1383,21,بازگشتی,29.6,195581072,491292246,40063944,F03-مکانیکی,2,347,0.53,76.0,5.13,1602,35.67068,51.37868,2026-08-04,بازیافت,0.8,0.5
THR-R21-TR-00584,ترانسفورماتور توزیع,منطقه ۲۱ (تهرانسر),R21,فولاد مبارکه,1401,3,فعال,80.7,446358756,514974382,0,F00-بدون خطا,0,578,0.9,69.4,3.05,1120,35.72181,51.25068,,,,16.6
THR-R12-CBM-00585,کابل فشار متوسط,منطقه ۱۲ (بازار),R12,آریا رله,1392,12,بازیافت شده,62.6,17553658,26039268,0,F00-بدون خطا,0,625,0.61,67.7,4.06,146,35.67452,51.43734,,,,14.0
THR-R17-TR-00586,ترانسفورماتور توزیع,منطقه ۱۷ (آذری),R17,آریا رله,1387,17,فعال,58.6,240302244,470675173,0,F00-بدون خطا,1,37,0.56,86.0,2.54,1210,35.6517,51.34034,,,,3.9
THR-R18-CB-00587,کلید قدرت,منطقه ۱۸ (یافت‌آباد),R18,ایران ترانسفو,1396,8,بازیافت شده,67.0,118364583,178582738,0,F00-بدون خطا,0,486,0.62,65.9,6.3,1536,35.61676,51.29116,,,,10.6
THR-R05-TR-00588,ترانسفورماتور توزیع,منطقه ۵ (پونک/جنت‌آباد),R05,آریا رله,1389,15,بازسازی شده,68.2,201518950,437868050,0,F00-بدون خطا,1,322,0.55,76.4,0.92,456,35.75789,51.33298,,,,6.0
THR-R19-TR-00589,ترانسفورماتور توزیع,منطقه ۱۹ (عبدالله‌آباد),R19,فولاد مبارکه,1384,20,در تعمیر,51.4,166331720,450728949,53716056,F04-الکتریکی,1,605,0.79,60.8,5.96,470,35.60525,51.3721,,بازسازی,0.83,2.9
THR-R20-CB-00590,کلید قدرت,منطقه ۲۰ (شهرری),R20,ایران ترانسفو,1379,25,در تعمیر,24.5,45662898,188623626,6826504,F01-حرارتی,6,357,0.63,84.9,3.91,1505,35.5748,51.46219,,امحا,0.95,0.5
THR-R14-TR-00591,ترانسفورماتور توزیع,منطقه ۱۴ (نبرد),R14,پارس الکتریک,1381,23,بازسازی شده,44.1,125201372,493951743,0,F00-بدون خطا,5,631,0.5,48.2,6.5,126,35.69446,51.44825,,,,0.5
THR-R21-RL-00592,رله حفاظتی,منطقه ۲۱ (تهرانسر),R21,مپنا,1390,14,فعال,59.8,27831435,47381302,0,F00-بدون خطا,2,593,0.58,63.0,5.11,692,35.69,51.23256,,,,1.3
THR-R11-CB-00593,کلید قدرت,منطقه ۱۱ (انقلاب),R11,مپنا,1385,19,فعال,32.6,68739764,162973566,0,F00-بدون خطا,3,604,0.83,66.7,2.86,2147,35.67012,51.39552,,,,0.6
THR-R03-TR-00594,ترانسفورماتور توزیع,منطقه ۳ (ونک/الهیه),R03,ایران ترانسفو,1387,17,در تعمیر,54.0,211429536,474155176,62467898,F02-عایق,2,502,0.7,50.0,1.16,281,35.76325,51.43231,,بازسازی,0.87,4.9
THR-R18-TR-00595,ترانسفورماتور توزیع,منطقه ۱۸ (یافت‌آباد),R18,پارس الکتریک,1380,24,فعال,35.6,137781026,423367591,0,F00-بدون خطا,6,148,0.62,58.2,3.59,632,35.6568,51.28274,,,,0.5
THR-R16-CB-00596,کلید قدرت,منطقه ۱۶ (علی‌آباد),R16,مپنا,1393,11,فعال,55.3,107518106,165020022,0,F00-بدون خطا,2,551,0.74,50.2,5.57,1088,35.62211,51.37764,,,,4.9
THR-R08-TR-00597,ترانسفورماتور توزیع,منطقه ۸ (تهران‌نو),R08,پارس الکتریک,1402,2,فعال,98.0,423117427,480815258,0,F00-بدون خطا,0,438,0.55,52.7,6.33,1814,35.71354,51.48488,,,,23.6
THR-R12-TR-00598,ترانسفورماتور توزیع,منطقه ۱۲ (بازار),R12,پارس سوئیچ,1388,16,فعال,40.9,198079676,423309593,0,F00-بدون خطا,2,373,0.75,79.3,6.14,1891,35.65728,51.42987,,,,4.8
THR-R20-TR-00599,ترانسفورماتور توزیع,منطقه ۲۰ (شهرری),R20,پارس الکتریک,1379,25,بازیافت شده,25.7,119873480,437864753,0,F00-بدون خطا,1,397,0.64,84.8,4.51,718,35.60711,51.42547,,,,0.5
THR-R03-TR-00600,ترانسفورماتور توزیع,منطقه ۳ (ونک/الهیه),R03,آریا رله,1379,25,فعال,29.1,95947101,459305155,0,F00-بدون خطا,6,29,0.51,64.0,2.8,1486,35.73456,51.40983,,,,0.5
THR-R04-TR-00601,ترانسفورماتور توزیع,منطقه ۴ (تهرانپارس),R04,مپنا,1393,11,فعال,67.3,286158299,425710739,0,F00-بدون خطا,2,231,0.78,55.6,2.89,914,35.73333,51.51367,,,,9.9
THR-R18-CB-00602,کلید قدرت,منطقه ۱۸ (یافت‌آباد),R18,فولاد مبارکه,1386,18,بازگشتی,43.6,77432427,168554083,36775470,F06-پیری,0,611,0.88,70.2,1.79,258,35.65403,51.29451,2026-08-24,بازیافت,0.82,0.5
THR-R06-TR-00603,ترانسفورماتور توزیع,منطقه ۶ (یوسف‌آباد),R06,پارس الکتریک,1384,20,در تعمیر,48.5,182627813,491968757,64697871,F01-حرارتی,3,23,0.74,54.7,5.35,352,35.74834,51.4197,,بازسازی,0.89,4.4
THR-R13-RL-00604,رله حفاظتی,منطقه ۱۳ (پیروزی),R13,ایران ترانسفو,1399,5,بازسازی شده,73.9,36828034,46761432,0,F00-بدون خطا,0,314,0.46,64.0,3.93,1663,35.6837,51.47187,,,,7.7
THR-R08-CBM-00605,کابل فشار متوسط,منطقه ۸ (تهران‌نو),R08,فولاد مبارکه,1394,10,امحا شده,79.3,20892021,28772184,0,F00-بدون خطا,1,626,0.91,81.7,3.65,440,35.71577,51.48102,,,,19.6
THR-R06-TR-00606,ترانسفورماتور توزیع,منطقه ۶ (یوسف‌آباد),R06,مپنا,1392,12,بازگشتی,64.3,299903037,452250927,136220193,F01-حرارتی,1,327,0.76,58.2,2.88,1446,35.70828,51.40247,2026-07-25,بازسازی,0.87,6.7
THR-R13-RL-00607,رله حفاظتی,منطقه ۱۳ (پیروزی),R13,پارس الکتریک,1378,26,فعال,24.3,12591502,51662715,0,F00-بدون خطا,2,324,0.72,82.7,3.26,1047,35.70313,51.49311,,,,0.5
THR-R17-TR-00608,ترانسفورماتور توزیع,منطقه ۱۷ (آذری),R17,آریا رله,1379,25,بازگشتی,31.9,104976017,424276060,27314390,F01-حرارتی,4,245,0.86,62.0,1.27,701,35.68259,51.35099,2026-08-13,بازیافت,0.88,0.6
THR-R13-RL-00609,رله حفاظتی,منطقه ۱۳ (پیروزی),R13,مپنا,1380,24,در تعمیر,27.1,17055274,51069468,4764488,F04-الکتریکی,1,171,0.62,69.0,5.41,1826,35.69926,51.4939,,امحا,0.86,0.5
THR-R10-CBM-00610,کابل فشار متوسط,منطقه ۱۰ (آزادی),R10,پارس الکتریک,1388,16,فعال,34.7,14356587,27530454,0,F00-بدون خطا,1,156,0.89,76.9,4.09,908,35.67847,51.34888,,,,3.9
THR-R05-TR-00611,ترانسفورماتور توزیع,منطقه ۵ (پونک/جنت‌آباد),R05,پارس سوئیچ,1400,4,بازسازی شده,74.8,411010151,488443900,0,F00-بدون خطا,1,686,0.54,86.0,3.13,727,35.76048,51.32229,,,,14.9
THR-R11-TR-00612,ترانسفورماتور توزیع,منطقه ۱۱ (انقلاب),R11,آریا رله,1395,9,بازیافت شده,67.3,272751379,410071440,0,F00-بدون خطا,0,164,0.69,57.7,5.05,200,35.70086,51.4019,,,,10.7
THR-R11-IN-00613,مقره,منطقه ۱۱ (انقلاب),R11,پارس الکتریک,1391,13,امحا شده,51.3,4678849,8305709,0,F00-بدون خطا,3,667,0.84,64.7,1.22,1201,35.67931,51.38737,,,,10.3
THR-R05-RL-00614,رله حفاظتی,منطقه ۵ (پونک/جنت‌آباد),R05,مپنا,1381,23,فعال,50.0,15667934,40599330,0,F00-بدون خطا,4,288,0.72,84.8,6.32,1025,35.76091,51.29688,,,,0.5
THR-R20-TR-00615,ترانسفورماتور توزیع,منطقه ۲۰ (شهرری),R20,پارس سوئیچ,1399,5,فعال,60.7,468668030,532577307,0,F00-بدون خطا,1,529,0.67,66.2,4.12,2000,35.59868,51.41824,,,,10.2
THR-R21-TR-00616,ترانسفورماتور توزیع,منطقه ۲۱ (تهرانسر),R21,پارس سوئیچ,1390,14,فعال,53.9,239529072,473002123,0,F00-بدون خطا,1,246,0.61,85.4,6.0,212,35.71651,51.2582,,,,5.4
THR-R14-RL-00617,رله حفاظتی,منطقه ۱۴ (نبرد),R14,پارس الکتریک,1378,26,بازیافت شده,30.2,13333784,53566171,0,F00-بدون خطا,1,702,0.57,66.4,4.38,910,35.68949,51.46503,,,,0.5
THR-R07-TR-00618,ترانسفورماتور توزیع,منطقه ۷ (بهار/شریعتی),R07,فولاد مبارکه,1392,12,بازسازی شده,54.0,307810139,442768535,0,F00-بدون خطا,2,267,0.64,78.0,4.75,1831,35.72325,51.41941,,,,7.5
THR-R13-RL-00619,رله حفاظتی,منطقه ۱۳ (پیروزی),R13,فولاد مبارکه,1397,7,در تعمیر,47.7,34970725,46448142,14985027,F06-پیری,1,641,0.87,61.2,2.59,237,35.70921,51.49912,,بازسازی,0.79,4.2
THR-R17-TR-00620,ترانسفورماتور توزیع,منطقه ۱۷ (آذری),R17,مپنا,1392,12,بازسازی شده,60.6,267223768,411450484,0,F00-بدون خطا,1,565,0.64,56.0,3.22,1700,35.65261,51.37783,,,,7.9
THR-R02-CB-00621,کلید قدرت,منطقه ۲ (سعادت‌آباد),R02,فولاد مبارکه,1394,10,در تعمیر,72.9,134025807,203144456,40454564,F02-عایق,1,422,0.81,58.7,4.17,1327,35.80442,51.37826,,تعمیر,0.95,5.9
THR-R10-CB-00622,کلید قدرت,منطقه ۱۰ (آزادی),R10,فولاد مبارکه,1391,13,فعال,58.9,124935408,209608308,0,F00-بدون خطا,1,676,0.71,70.1,1.45,1930,35.69076,51.37373,,,,4.2
THR-R03-RL-00623,رله حفاظتی,منطقه ۳ (ونک/الهیه),R03,فولاد مبارکه,1381,23,فعال,37.4,11144376,44129630,0,F00-بدون خطا,3,346,0.7,86.8,3.56,1926,35.73305,51.42114,,,,0.5
THR-R01-TR-00624,ترانسفورماتور توزیع,منطقه ۱ (تجریش/نیاوران),R01,ایران ترانسفو,1396,8,بازسازی شده,64.8,378657179,518547983,0,F00-بدون خطا,1,271,0.6,84.3,1.89,1407,35.82924,51.43072,,,,10.2
THR-R21-CBM-00625,کابل فشار متوسط,منطقه ۲۱ (تهرانسر),R21,پارس الکتریک,1383,21,بازگشتی,32.8,10199906,22808117,2499220,F01-حرارتی,0,475,0.81,74.3,5.5,1566,35.68826,51.2593,2026-09-15,بازیافت,0.89,3.7
THR-R17-RL-00626,رله حفاظتی,منطقه ۱۷ (آذری),R17,ایران ترانسفو,1401,3,در تعمیر,79.2,44042413,50138432,19945800,F04-الکتریکی,1,189,0.51,71.7,3.55,1452,35.66086,51.34085,,بازسازی,0.86,9.6
THR-R19-IN-00627,مقره,منطقه ۱۹ (عبدالله‌آباد),R19,پارس الکتریک,1382,22,فعال,38.5,2501029,9481208,0,F00-بدون خطا,1,67,0.59,64.4,2.04,1798,35.61418,51.35622,,,,4.0
THR-R10-TR-00628,ترانسفورماتور توزیع,منطقه ۱۰ (آزادی),R10,ایران ترانسفو,1402,2,امحا شده,90.2,382747403,434940231,0,F00-بدون خطا,0,149,0.49,67.0,0.86,910,35.70402,51.34506,,,,20.7
THR-R01-CB-00629,کلید قدرت,منطقه ۱ (تجریش/نیاوران),R01,مپنا,1386,18,فعال,42.4,93850255,208143833,0,F00-بدون خطا,3,20,0.83,68.3,2.13,2101,35.81356,51.41182,,,,1.5
THR-R08-TR-00630,ترانسفورماتور توزیع,منطقه ۸ (تهران‌نو),R08,ایران ترانسفو,1399,5,فعال,71.9,448180667,537402758,0,F00-بدون خطا,1,630,0.55,79.7,1.87,106,35.71278,51.48628,,,,15.3
THR-R08-IN-00631,مقره,منطقه ۸ (تهران‌نو),R08,پارس سوئیچ,1386,18,بازگشتی,55.5,3631061,8531089,1614323,F01-حرارتی,1,71,0.87,66.4,4.26,1509,35.75131,51.47545,2026-09-21,بازسازی,0.88,6.5
THR-R05-IN-00632,مقره,منطقه ۵ (پونک/جنت‌آباد),R05,ایران ترانسفو,1399,5,بازگشتی,69.8,7959142,9521587,1724711,F03-مکانیکی,0,126,0.69,53.8,3.32,1787,35.75974,51.29931,2026-09-03,بازسازی,0.86,16.8
THR-R06-RL-00633,رله حفاظتی,منطقه ۶ (یوسف‌آباد),R06,ایران ترانسفو,1397,7,بازگشتی,72.5,31477089,48406333,3873520,F04-الکتریکی,1,110,0.9,57.6,2.64,1305,35.74305,51.41065,2026-08-15,تعمیر,0.93,5.2
THR-R12-IN-00634,مقره,منطقه ۱۲ (بازار),R12,پارس سوئیچ,1380,24,در تعمیر,36.4,2222230,7571619,551623,F03-مکانیکی,3,139,0.65,70.5,0.83,1204,35.68485,51.42301,,بازیافت,0.79,0.7
THR-R11-CB-00635,کلید قدرت,منطقه ۱۱ (انقلاب),R11,ایران ترانسفو,1394,10,فعال,65.7,137103077,211682060,0,F00-بدون خطا,2,126,0.89,77.6,1.29,439,35.67853,51.39352,,,,7.8
THR-R16-RL-00636,رله حفاظتی,منطقه ۱۶ (علی‌آباد),R16,مپنا,1397,7,بازیافت شده,68.7,33177701,46854463,0,F00-بدون خطا,1,339,0.82,66.2,2.52,1143,35.61746,51.38455,,,,7.6
THR-R17-CB-00637,کلید قدرت,منطقه ۱۷ (آذری),R17,مپنا,1397,7,فعال,78.5,149234090,202445946,0,F00-بدون خطا,1,662,0.72,69.3,4.2,2118,35.64862,51.34088,,,,10.5
THR-R16-IN-00638,مقره,منطقه ۱۶ (علی‌آباد),R16,ایران ترانسفو,1397,7,فعال,66.1,6866111,8455886,0,F00-بدون خطا,0,136,0.7,85.5,2.56,178,35.62084,51.38145,,,,14.6
THR-R15-CB-00639,کلید قدرت,منطقه ۱۵ (خاوران),R15,فولاد مبارکه,1381,23,در تعمیر,39.6,58088999,175381871,7730639,F05-رطوبت,3,61,0.79,52.5,3.12,1447,35.62009,51.47142,,بازیافت,0.81,0.5
THR-R12-CB-00640,کلید قدرت,منطقه ۱۲ (بازار),R12,آریا رله,1398,6,فعال,62.8,181448497,206191474,0,F00-بدون خطا,1,84,0.78,70.2,4.79,1340,35.65858,51.43539,,,,7.5
THR-R10-CB-00641,کلید قدرت,منطقه ۱۰ (آزادی),R10,آریا رله,1388,16,در تعمیر,46.0,96828432,197951322,29908562,F06-پیری,2,420,0.66,78.3,5.33,199,35.69697,51.3519,,بازسازی,0.79,2.1
THR-R06-TR-00642,ترانسفورماتور توزیع,منطقه ۶ (یوسف‌آباد),R06,ایران ترانسفو,1388,16,بازیافت شده,52.1,242890319,441135239,0,F00-بدون خطا,3,676,0.87,75.4,5.7,636,35.72553,51.41993,,,,4.7
THR-R16-TR-00643,ترانسفورماتور توزیع,منطقه ۱۶ (علی‌آباد),R16,فولاد مبارکه,1392,12,بازسازی شده,49.1,256735049,437314927,0,F00-بدون خطا,3,72,0.59,70.9,3.32,1306,35.6359,51.38756,,,,5.4
THR-R19-RL-00644,رله حفاظتی,منطقه ۱۹ (عبدالله‌آباد),R19,پارس الکتریک,1388,16,بازگشتی,51.2,29678143,52562384,11647012,F02-عایق,4,354,0.51,61.8,5.4,1528,35.6116,51.37222,2026-09-17,بازسازی,0.8,0.5
THR-R05-TR-00645,ترانسفورماتور توزیع,منطقه ۵ (پونک/جنت‌آباد),R05,مپنا,1378,26,فعال,13.7,123930223,479964936,0,F00-بدون خطا,5,184,0.6,75.8,0.89,1675,35.76138,51.32777,,,,0.5
THR-R06-CB-00646,کلید قدرت,منطقه ۶ (یوسف‌آباد),R06,آریا رله,1402,2,فعال,74.8,156996480,191348159,0,F00-بدون خطا,0,438,0.55,75.1,5.38,435,35.70864,51.41451,,,,11.9
THR-R16-IN-00647,مقره,منطقه ۱۶ (علی‌آباد),R16,مپنا,1389,15,فعال,63.5,4840609,8788464,0,F00-بدون خطا,1,324,0.8,63.2,2.53,796,35.63278,51.41544,,,,10.2
THR-R04-TR-00648,ترانسفورماتور توزیع,منطقه ۴ (تهرانپارس),R04,ایران ترانسفو,1379,25,در تعمیر,21.7,167723264,530539438,53039132,F04-الکتریکی,4,509,0.56,76.4,5.5,2128,35.74807,51.54016,,امحا,0.81,0.5
THR-R05-TR-00649,ترانسفورماتور توزیع,منطقه ۵ (پونک/جنت‌آباد),R05,ایران ترانسفو,1393,11,در تعمیر,56.8,290318424,417060886,80592781,F03-مکانیکی,0,543,0.49,61.5,1.31,623,35.74654,51.30956,,بازسازی,0.87,7.6
THR-R07-RL-00650,رله حفاظتی,منطقه ۷ (بهار/شریعتی),R07,آریا رله,1392,12,فعال,72.7,28595125,53101643,0,F00-بدون خطا,0,60,0.71,85.8,0.82,436,35.71223,51.42305,,,,1.9
THR-R11-CB-00651,کلید قدرت,منطقه ۱۱ (انقلاب),R11,مپنا,1379,25,فعال,38.2,48915348,187763930,0,F00-بدون خطا,0,334,0.71,60.2,1.29,939,35.71473,51.40896,,,,0.5
THR-R11-TR-00652,ترانسفورماتور توزیع,منطقه ۱۱ (انقلاب),R11,پارس الکتریک,1387,17,فعال,40.7,262824510,539892985,0,F00-بدون خطا,3,135,0.53,54.6,2.43,1196,35.67934,51.38902,,,,4.7
THR-R05-TR-00653,ترانسفورماتور توزیع,منطقه ۵ (پونک/جنت‌آباد),R05,مپنا,1381,23,فعال,36.9,144787287,420233473,0,F00-بدون خطا,1,373,0.59,77.5,3.38,1384,35.7785,51.32681,,,,0.5
THR-R09-TR-00654,ترانسفورماتور توزیع,منطقه ۹ (مهرآباد),R09,آریا رله,1400,4,در تعمیر,67.0,389811481,472923029,91113325,F02-عایق,0,642,0.83,82.0,3.94,1467,35.70146,51.33874,,بازسازی,0.92,11.4
THR-R18-TR-00655,ترانسفورماتور توزیع,منطقه ۱۸ (یافت‌آباد),R18,فولاد مبارکه,1382,22,فعال,37.5,173766415,458794632,0,F00-بدون خطا,0,70,0.7,50.3,1.43,432,35.63085,51.29837,,,,0.5
THR-R14-TR-00656,ترانسفورماتور توزیع,منطقه ۱۴ (نبرد),R14,آریا رله,1400,4,بازگشتی,68.3,383994951,463488875,156627343,F05-رطوبت,1,355,0.6,79.0,1.1,891,35.68197,51.45632,2026-06-26,بازسازی,0.83,12.5
THR-R22-IN-00657,مقره,منطقه ۲۲ (چیتگر),R22,پارس سوئیچ,1380,24,امحا شده,19.8,2132417,7765358,0,F00-بدون خطا,4,110,0.69,87.0,6.3,1998,35.76163,51.21798,,,,1.0
THR-R04-CB-00658,کلید قدرت,منطقه ۴ (تهرانپارس),R04,پارس سوئیچ,1399,5,بازگشتی,83.3,145102336,172651103,28566803,F04-الکتریکی,0,162,0.49,68.5,6.04,1136,35.7488,51.51525,2026-06-01,تعمیر,0.95,11.8
THR-R12-TR-00659,ترانسفورماتور توزیع,منطقه ۱۲ (بازار),R12,فولاد مبارکه,1400,4,بازیافت شده,84.4,325166278,426518309,0,F00-بدون خطا,1,514,0.66,72.0,1.21,203,35.6984,51.44074,,,,17.3
THR-R03-CB-00660,کلید قدرت,منطقه ۳ (ونک/الهیه),R03,آریا رله,1389,15,فعال,43.1,87253806,163047667,0,F00-بدون خطا,2,633,0.58,84.4,4.41,601,35.74835,51.4164,,,,2.3
THR-R17-TR-00661,ترانسفورماتور توزیع,منطقه ۱۷ (آذری),R17,آریا رله,1400,4,در تعمیر,58.5,390965543,458033275,72201342,F05-رطوبت,0,560,0.61,82.2,3.28,1968,35.6639,51.3829,,بازسازی,0.87,11.3
THR-R13-CB-00662,کلید قدرت,منطقه ۱۳ (پیروزی),R13,ایران ترانسفو,1385,19,بازگشتی,45.2,79710735,203513265,17186553,F04-الکتریکی,3,363,0.67,85.7,6.11,932,35.71336,51.46529,2026-06-13,بازسازی,0.83,0.5
THR-R19-TR-00663,ترانسفورماتور توزیع,منطقه ۱۹ (عبدالله‌آباد),R19,پارس سوئیچ,1391,13,بازگشتی,50.1,224082977,425168917,68030388,F05-رطوبت,1,693,0.87,80.3,0.82,399,35.61803,51.38004,2026-06-23,بازسازی,0.85,5.8
THR-R19-IN-00664,مقره,منطقه ۱۹ (عبدالله‌آباد),R19,ایران ترانسفو,1381,23,بازگشتی,35.9,2073012,7751319,397698,F03-مکانیکی,4,470,0.47,57.2,5.37,801,35.59689,51.36717,2026-08-17,بازیافت,0.77,0.5
THR-R13-TR-00665,ترانسفورماتور توزیع,منطقه ۱۳ (پیروزی),R13,پارس الکتریک,1381,23,بازگشتی,30.2,168418826,461169540,79498288,F03-مکانیکی,3,691,0.88,72.6,3.15,331,35.68503,51.46577,2026-09-14,بازیافت,0.79,0.5
THR-R07-IN-00666,مقره,منطقه ۷ (بهار/شریعتی),R07,پارس الکتریک,1396,8,بازیافت شده,66.9,6438560,8677326,0,F00-بدون خطا,0,167,0.76,75.9,4.44,1935,35.69698,51.43515,,,,13.0
THR-R18-TR-00667,ترانسفورماتور توزیع,منطقه ۱۸ (یافت‌آباد),R18,آریا رله,1397,7,بازگشتی,65.3,342426050,462660180,56963120,F02-عایق,1,598,0.6,80.5,5.74,1327,35.66238,51.29876,2026-05-31,بازسازی,0.85,13.1
THR-R14-RL-00668,رله حفاظتی,منطقه ۱۴ (نبرد),R14,پارس سوئیچ,1389,15,امحا شده,50.5,24730649,48145358,0,F00-بدون خطا,3,316,0.56,83.3,0.91,335,35.68316,51.44183,,,,0.5
THR-R12-CBM-00669,کابل فشار متوسط,منطقه ۱۲ (بازار),R12,آریا رله,1379,25,فعال,28.1,8578248,25850791,0,F00-بدون خطا,0,46,0.77,76.1,6.25,1043,35.65035,51.43597,,,,3.6
THR-R14-RL-00670,رله حفاظتی,منطقه ۱۴ (نبرد),R14,فولاد مبارکه,1390,14,بازگشتی,32.6,23420130,53374998,8224205,F04-الکتریکی,3,573,0.62,74.4,3.48,945,35.65991,51.44132,2026-07-03,بازیافت,0.87,1.2
THR-R06-CB-00671,کلید قدرت,منطقه ۶ (یوسف‌آباد),R06,آریا رله,1384,20,بازگشتی,43.4,53915942,165276885,14492782,F04-الکتریکی,1,701,0.47,55.8,3.86,594,35.73233,51.3968,2026-09-08,بازیافت,0.86,0.8
THR-R01-TR-00672,ترانسفورماتور توزیع,منطقه ۱ (تجریش/نیاوران),R01,فولاد مبارکه,1378,26,فعال,28.7,91585409,462975466,0,F00-بدون خطا,5,154,0.46,85.9,2.17,426,35.80294,51.41707,,,,0.7
THR-R05-CB-00673,کلید قدرت,منطقه ۵ (پونک/جنت‌آباد),R05,فولاد مبارکه,1391,13,بازسازی شده,49.9,122810080,212139418,0,F00-بدون خطا,1,536,0.74,49.6,1.86,1817,35.76399,51.32835,,,,3.2
THR-R18-IN-00674,مقره,منطقه ۱۸ (یافت‌آباد),R18,مپنا,1390,14,فعال,61.0,4690061,8041542,0,F00-بدون خطا,3,22,0.45,57.6,1.99,2120,35.63384,51.30168,,,,10.5
THR-R08-RL-00675,رله حفاظتی,منطقه ۸ (تهران‌نو),R08,ایران ترانسفو,1386,18,فعال,50.2,18386462,44275597,0,F00-بدون خطا,0,596,0.49,62.3,5.06,2059,35.71458,51.50021,,,,0.5
THR-R12-TR-00676,ترانسفورماتور توزیع,منطقه ۱۲ (بازار),R12,پارس الکتریک,1393,11,امحا شده,69.2,378337765,534544939,0,F00-بدون خطا,0,554,0.68,49.6,6.41,1224,35.68963,51.42519,,,,9.9
THR-R15-CB-00677,کلید قدرت,منطقه ۱۵ (خاوران),R15,فولاد مبارکه,1394,10,بازسازی شده,58.6,129159996,198002278,0,F00-بدون خطا,0,660,0.84,58.6,3.36,399,35.62921,51.46429,,,,4.3
THR-R22-CB-00678,کلید قدرت,منطقه ۲۲ (چیتگر),R22,مپنا,1396,8,فعال,88.3,169146789,204334479,0,F00-بدون خطا,1,26,0.52,85.3,2.98,2000,35.73474,51.2073,,,,11.2
THR-R15-CB-00679,کلید قدرت,منطقه ۱۵ (خاوران),R15,آریا رله,1393,11,بازگشتی,58.4,119258181,209425633,36947598,F04-الکتریکی,1,311,0.57,84.0,5.99,766,35.66149,51.45919,2026-09-21,بازسازی,0.9,4.0
THR-R20-RL-00680,رله حفاظتی,منطقه ۲۰ (شهرری),R20,مپنا,1401,3,در تعمیر,75.5,43067066,49640766,17238270,F01-حرارتی,1,188,0.68,54.2,1.84,291,35.57155,51.44505,,بازسازی,0.79,9.9
THR-R22-CBM-00681,کابل فشار متوسط,منطقه ۲۲ (چیتگر),R22,پارس سوئیچ,1401,3,بازگشتی,67.9,20873089,27173793,3064049,F04-الکتریکی,0,532,0.8,61.4,5.16,394,35.74018,51.18413,2026-06-09,بازسازی,0.86,24.0
THR-R09-TR-00682,ترانسفورماتور توزیع,منطقه ۹ (مهرآباد),R09,پارس الکتریک,1397,7,فعال,75.5,355473636,492493787,0,F00-بدون خطا,0,129,0.74,60.4,1.29,795,35.66592,51.3277,,,,10.3
THR-R19-RL-00683,رله حفاظتی,منطقه ۱۹ (عبدالله‌آباد),R19,پارس الکتریک,1399,5,فعال,68.5,37572779,45315762,0,F00-بدون خطا,1,256,0.48,49.1,2.2,2066,35.62462,51.37678,,,,5.1
THR-R06-RL-00684,رله حفاظتی,منطقه ۶ (یوسف‌آباد),R06,مپنا,1379,25,فعال,41.0,12019036,50224500,0,F00-بدون خطا,1,172,0.54,68.7,5.98,2111,35.75091,51.3954,,,,0.5
THR-R14-RL-00685,رله حفاظتی,منطقه ۱۴ (نبرد),R14,پارس الکتریک,1385,19,بازگشتی,50.4,26709055,52750752,4382777,F02-عایق,4,368,0.58,61.0,6.19,302,35.6717,51.47897,2026-07-05,بازسازی,0.79,0.5
THR-R09-RL-00686,رله حفاظتی,منطقه ۹ (مهرآباد),R09,فولاد مبارکه,1381,23,فعال,12.0,14372202,49562609,0,F00-بدون خطا,3,323,0.8,82.7,4.37,2030,35.67311,51.31932,,,,0.5
THR-R18-TR-00687,ترانسفورماتور توزیع,منطقه ۱۸ (یافت‌آباد),R18,مپنا,1399,5,بازگشتی,62.0,441240381,532679827,74007778,F03-مکانیکی,0,460,0.55,65.7,4.32,128,35.65373,51.28824,2026-08-20,بازسازی,0.89,12.6
THR-R15-TR-00688,ترانسفورماتور توزیع,منطقه ۱۵ (خاوران),R15,مپنا,1388,16,امحا شده,56.8,259442314,534919317,0,F00-بدون خطا,0,667,0.84,68.7,3.43,1529,35.65951,51.44852,,,,5.4
THR-R14-CB-00689,کلید قدرت,منطقه ۱۴ (نبرد),R14,آریا رله,1398,6,بازسازی شده,75.5,139953054,201414012,0,F00-بدون خطا,1,115,0.47,82.4,3.41,1125,35.66555,51.46646,,,,11.9
THR-R21-CB-00690,کلید قدرت,منطقه ۲۱ (تهرانسر),R21,مپنا,1392,12,در تعمیر,67.9,107246272,188082762,47108928,F06-پیری,1,360,0.67,87.7,5.19,816,35.69392,51.26249,,بازسازی,0.79,4.5
THR-R11-CB-00691,کلید قدرت,منطقه ۱۱ (انقلاب),R11,فولاد مبارکه,1399,5,فعال,77.6,128529868,174615737,0,F00-بدون خطا,0,115,0.88,71.7,2.97,505,35.68548,51.414,,,,10.8
THR-R22-TR-00692,ترانسفورماتور توزیع,منطقه ۲۲ (چیتگر),R22,ایران ترانسفو,1385,19,در تعمیر,47.9,260895662,480585221,76991826,F02-عایق,0,649,0.7,53.2,5.17,456,35.74025,51.18382,,بازسازی,0.9,2.9
THR-R02-CBM-00693,کابل فشار متوسط,منطقه ۲ (سعادت‌آباد),R02,پارس الکتریک,1399,5,بازسازی شده,66.9,20923277,26387997,0,F00-بدون خطا,0,137,0.64,63.3,5.33,433,35.76063,51.4017,,,,19.4
THR-R20-TR-00694,ترانسفورماتور توزیع,منطقه ۲۰ (شهرری),R20,آریا رله,1399,5,در تعمیر,68.6,329302334,441073335,99871081,F01-حرارتی,0,316,0.79,85.5,6.0,1992,35.57237,51.44558,,بازسازی,0.86,13.5
THR-R22-CBM-00695,کابل فشار متوسط,منطقه ۲۲ (چیتگر),R22,پارس الکتریک,1398,6,فعال,66.2,21756239,29213138,0,F00-بدون خطا,1,698,0.66,49.8,3.9,1404,35.7636,51.21797,,,,19.0
THR-R09-TR-00696,ترانسفورماتور توزیع,منطقه ۹ (مهرآباد),R09,فولاد مبارکه,1380,24,فعال,37.4,127231868,487777998,0,F00-بدون خطا,3,355,0.65,80.8,5.96,326,35.70844,51.3281,,,,0.5
THR-R09-CBM-00697,کابل فشار متوسط,منطقه ۹ (مهرآباد),R09,پارس سوئیچ,1386,18,فعال,50.9,9710482,24633839,0,F00-بدون خطا,3,639,0.83,82.1,6.01,1688,35.66735,51.32843,,,,8.5
THR-R06-CB-00698,کلید قدرت,منطقه ۶ (یوسف‌آباد),R06,مپنا,1381,23,فعال,31.8,58909680,179315788,0,F00-بدون خطا,1,673,0.47,76.8,3.33,515,35.73262,51.37753,,,,0.5
THR-R15-RL-00699,رله حفاظتی,منطقه ۱۵ (خاوران),R15,پارس الکتریک,1381,23,فعال,33.6,13664738,49544372,0,F00-بدون خطا,4,271,0.62,60.8,6.29,1906,35.61502,51.47529,,,,0.5
THR-R01-IN-00700,مقره,منطقه ۱ (تجریش/نیاوران),R01,فولاد مبارکه,1382,22,بازگشتی,22.6,2689993,8232422,1170155,F01-حرارتی,5,287,0.73,70.8,1.11,700,35.79447,51.41393,2026-06-28,امحا,0.91,1.9
THR-R11-CBM-00701,کابل فشار متوسط,منطقه ۱۱ (انقلاب),R11,فولاد مبارکه,1396,8,فعال,64.9,16272594,24058678,0,F00-بدون خطا,1,428,0.85,76.9,1.24,367,35.6902,51.40224,,,,17.7
THR-R18-TR-00702,ترانسفورماتور توزیع,منطقه ۱۸ (یافت‌آباد),R18,مپنا,1390,14,بازیافت شده,49.2,237714750,426696302,0,F00-بدون خطا,0,563,0.68,62.6,4.44,1550,35.66391,51.28293,,,,4.2
THR-R11-RL-00703,رله حفاظتی,منطقه ۱۱ (انقلاب),R11,مپنا,1390,14,فعال,57.0,22364488,44208517,0,F00-بدون خطا,2,363,0.46,86.7,3.8,409,35.70939,51.37703,,,,1.7
THR-R15-RL-00704,رله حفاظتی,منطقه ۱۵ (خاوران),R15,فولاد مبارکه,1387,17,بازگشتی,43.9,17590756,41396472,8376116,F05-رطوبت,0,691,0.9,57.8,3.83,862,35.61696,51.46775,2026-08-18,بازیافت,0.8,0.5
THR-R13-IN-00705,مقره,منطقه ۱۳ (پیروزی),R13,پارس الکتریک,1398,6,بازگشتی,81.5,5697573,7363224,1081194,F01-حرارتی,1,209,0.85,85.7,3.76,653,35.68573,51.49191,2026-09-21,تعمیر,0.87,19.9
THR-R07-TR-00706,ترانسفورماتور توزیع,منطقه ۷ (بهار/شریعتی),R07,مپنا,1396,8,فعال,51.8,273535934,411720435,0,F00-بدون خطا,0,673,0.7,85.8,3.06,1340,35.70843,51.44771,,,,8.0
THR-R16-CB-00707,کلید قدرت,منطقه ۱۶ (علی‌آباد),R16,آریا رله,1392,12,امحا شده,61.9,134883147,189679115,0,F00-بدون خطا,0,72,0.89,61.2,1.04,1463,35.62839,51.39775,,,,7.2
THR-R02-TR-00708,ترانسفورماتور توزیع,منطقه ۲ (سعادت‌آباد),R02,پارس سوئیچ,1384,20,در تعمیر,34.9,233081643,427739474,91779919,F06-پیری,4,608,0.86,76.2,3.39,1034,35.80425,51.40229,,بازیافت,0.76,1.4
THR-R03-TR-00709,ترانسفورماتور توزیع,منطقه ۳ (ونک/الهیه),R03,مپنا,1382,22,فعال,51.2,160131587,469818216,0,F00-بدون خطا,3,61,0.87,75.0,4.41,1074,35.75066,51.40966,,,,0.5
THR-R21-TR-00710,ترانسفورماتور توزیع,منطقه ۲۱ (تهرانسر),R21,مپنا,1383,21,بازگشتی,40.5,157134147,421329689,23307890,F01-حرارتی,3,189,0.49,65.2,1.8,341,35.70137,51.24514,2026-06-13,بازیافت,0.83,0.6
THR-R04-TR-00711,ترانسفورماتور توزیع,منطقه ۴ (تهرانپارس),R04,فولاد مبارکه,1397,7,در تعمیر,70.6,382029545,497803976,90598528,F01-حرارتی,0,360,0.46,80.4,3.86,1726,35.71974,51.54379,,تعمیر,0.92,12.0
THR-R11-TR-00712,ترانسفورماتور توزیع,منطقه ۱۱ (انقلاب),R11,ایران ترانسفو,1399,5,بازگشتی,61.1,340771760,426937286,150693426,F03-مکانیکی,0,622,0.77,70.9,3.11,790,35.6993,51.3875,2026-08-14,بازسازی,0.79,12.1
THR-R03-TR-00713,ترانسفورماتور توزیع,منطقه ۳ (ونک/الهیه),R03,مپنا,1382,22,در تعمیر,29.0,150816888,495397519,70799553,F06-پیری,2,183,0.84,67.4,3.9,1876,35.74079,51.41486,,بازیافت,0.77,0.5
THR-R08-CBM-00714,کابل فشار متوسط,منطقه ۸ (تهران‌نو),R08,پارس سوئیچ,1379,25,فعال,12.0,4719763,23144327,0,F00-بدون خطا,6,31,0.77,63.6,3.17,2074,35.74071,51.48481,,,,0.5
THR-R03-TR-00715,ترانسفورماتور توزیع,منطقه ۳ (ونک/الهیه),R03,پارس الکتریک,1383,21,بازیافت شده,20.1,140684535,418583696,0,F00-بدون خطا,3,502,0.67,55.7,2.0,599,35.74748,51.41819,,,,0.5
THR-R07-TR-00716,ترانسفورماتور توزیع,منطقه ۷ (بهار/شریعتی),R07,مپنا,1386,18,بازگشتی,48.9,182917601,442746193,30339976,F02-عایق,1,53,0.75,61.6,4.84,817,35.72696,51.41876,2026-06-26,بازسازی,0.8,2.6
THR-R16-CB-00717,کلید قدرت,منطقه ۱۶ (علی‌آباد),R16,ایران ترانسفو,1380,24,بازگشتی,18.7,58559648,197144709,9478378,F03-مکانیکی,3,586,0.92,72.3,3.11,1045,35.64182,51.39686,2026-09-01,امحا,0.93,0.5
THR-R04-CBM-00718,کابل فشار متوسط,منطقه ۴ (تهرانپارس),R04,پارس الکتریک,1381,23,بازگشتی,24.7,7023219,26095912,1771396,F04-الکتریکی,5,228,0.63,81.5,4.51,1212,35.76069,51.51341,2026-09-19,امحا,0.86,2.0
THR-R07-TR-00719,ترانسفورماتور توزیع,منطقه ۷ (بهار/شریعتی),R07,پارس سوئیچ,1382,22,بازگشتی,20.2,200020839,515417063,26764986,F04-الکتریکی,1,701,0.46,82.9,3.35,256,35.73854,51.44064,2026-09-19,امحا,0.9,0.5
THR-R21-TR-00720,ترانسفورماتور توزیع,منطقه ۲۱ (تهرانسر),R21,فولاد مبارکه,1384,20,فعال,19.8,160338294,464327825,0,F00-بدون خطا,4,59,0.77,64.8,6.28,507,35.69982,51.24518,,,,0.5
THR-R02-CBM-00721,کابل فشار متوسط,منطقه ۲ (سعادت‌آباد),R02,مپنا,1383,21,فعال,54.0,8915366,23320169,0,F00-بدون خطا,3,133,0.49,50.9,5.65,370,35.77486,51.37184,,,,8.9
THR-R08-RL-00722,رله حفاظتی,منطقه ۸ (تهران‌نو),R08,پارس الکتریک,1396,8,بازگشتی,63.9,36268357,47828854,15226968,F02-عایق,2,348,0.89,64.6,2.66,1022,35.71125,51.48149,2026-06-18,بازسازی,0.86,3.2
THR-R04-TR-00723,ترانسفورماتور توزیع,منطقه ۴ (تهرانپارس),R04,فولاد مبارکه,1381,23,فعال,36.1,162819751,517985257,0,F00-بدون خطا,1,240,0.84,59.4,2.16,381,35.76477,51.49613,,,,1.0
THR-R16-CB-00724,کلید قدرت,منطقه ۱۶ (علی‌آباد),R16,مپنا,1379,25,بازسازی شده,25.3,49054045,192258828,0,F00-بدون خطا,1,480,0.74,71.4,3.92,809,35.65143,51.39274,,,,0.5
THR-R13-TR-00725,ترانسفورماتور توزیع,منطقه ۱۳ (پیروزی),R13,آریا رله,1392,12,بازگشتی,46.2,271748183,416427581,44278051,F03-مکانیکی,1,145,0.61,64.2,3.04,211,35.68623,51.48001,2026-06-29,بازسازی,0.9,6.6
THR-R19-TR-00726,ترانسفورماتور توزیع,منطقه ۱۹ (عبدالله‌آباد),R19,فولاد مبارکه,1382,22,فعال,39.5,145712270,427522010,0,F00-بدون خطا,3,190,0.57,81.2,4.81,1487,35.59733,51.37398,,,,1.2
THR-R08-IN-00727,مقره,منطقه ۸ (تهران‌نو),R08,ایران ترانسفو,1397,7,فعال,69.3,6891495,8788727,0,F00-بدون خطا,0,436,0.69,69.1,5.42,2083,35.72824,51.50653,,,,14.3
THR-R07-CB-00728,کلید قدرت,منطقه ۷ (بهار/شریعتی),R07,پارس سوئیچ,1392,12,فعال,52.1,110382135,168122903,0,F00-بدون خطا,1,350,0.87,84.8,1.11,1858,35.73103,51.44002,,,,5.6
THR-R19-TR-00729,ترانسفورماتور توزیع,منطقه ۱۹ (عبدالله‌آباد),R19,ایران ترانسفو,1396,8,بازیافت شده,76.7,262779272,424993607,0,F00-بدون خطا,1,56,0.79,84.7,4.82,2007,35.63232,51.33542,,,,13.4
THR-R17-TR-00730,ترانسفورماتور توزیع,منطقه ۱۷ (آذری),R17,فولاد مبارکه,1394,10,فعال,57.4,251239092,405173397,0,F00-بدون خطا,1,261,0.77,64.7,4.96,420,35.64101,51.36173,,,,10.6
THR-R18-RL-00731,رله حفاظتی,منطقه ۱۸ (یافت‌آباد),R18,آریا رله,1400,4,در تعمیر,70.2,36199456,43092219,15290627,F02-عایق,1,259,0.87,60.8,4.62,451,35.65125,51.31974,,بازسازی,0.87,6.5
THR-R01-CB-00732,کلید قدرت,منطقه ۱ (تجریش/نیاوران),R01,پارس الکتریک,1387,17,فعال,47.5,89615274,180168318,0,F00-بدون خطا,4,612,0.53,84.1,3.06,179,35.78996,51.42486,,,,0.5
THR-R15-CB-00733,کلید قدرت,منطقه ۱۵ (خاوران),R15,آریا رله,1382,22,بازسازی شده,30.2,45673346,179308953,0,F00-بدون خطا,1,656,0.72,54.3,4.74,1981,35.65222,51.48356,,,,0.7
THR-R21-TR-00734,ترانسفورماتور توزیع,منطقه ۲۱ (تهرانسر),R21,آریا رله,1398,6,فعال,67.9,462094864,525107800,0,F00-بدون خطا,0,451,0.8,67.5,4.24,1185,35.69702,51.27006,,,,13.1
THR-R20-CB-00735,کلید قدرت,منطقه ۲۰ (شهرری),R20,پارس الکتریک,1384,20,در تعمیر,43.5,71105751,179637582,24488336,F05-رطوبت,2,71,0.57,54.6,4.73,2188,35.56782,51.41619,,بازیافت,0.8,0.5
THR-R22-TR-00736,ترانسفورماتور توزیع,منطقه ۲۲ (چیتگر),R22,مپنا,1379,25,فعال,24.8,80064913,448144572,0,F00-بدون خطا,3,56,0.52,50.9,5.43,1577,35.74459,51.17861,,,,0.5
THR-R12-TR-00737,ترانسفورماتور توزیع,منطقه ۱۲ (بازار),R12,پارس سوئیچ,1395,9,بازگشتی,72.7,370691623,501703921,133811799,F02-عایق,1,567,0.69,62.3,2.38,545,35.67385,51.42711,2026-07-04,بازسازی,0.9,11.8
THR-R16-RL-00738,رله حفاظتی,منطقه ۱۶ (علی‌آباد),R16,آریا رله,1402,2,بازگشتی,77.5,45987094,52258062,11185913,F06-پیری,0,376,0.7,68.7,4.09,1175,35.65349,51.40307,2026-07-23,تعمیر,0.95,11.3
THR-R22-TR-00739,ترانسفورماتور توزیع,منطقه ۲۲ (چیتگر),R22,فولاد مبارکه,1379,25,فعال,29.9,139631113,488011906,0,F00-بدون خطا,3,528,0.6,60.2,5.58,582,35.73912,51.17968,,,,0.9
THR-R16-RL-00740,رله حفاظتی,منطقه ۱۶ (علی‌آباد),R16,مپنا,1399,5,بازسازی شده,78.1,44571609,53135921,0,F00-بدون خطا,1,391,0.77,61.8,2.38,348,35.64891,51.39572,,,,6.0
THR-R07-IN-00741,مقره,منطقه ۷ (بهار/شریعتی),R07,آریا رله,1392,12,فعال,43.1,4982324,7317985,0,F00-بدون خطا,1,93,0.85,49.3,2.89,527,35.69655,51.44271,,,,8.0
THR-R06-TR-00742,ترانسفورماتور توزیع,منطقه ۶ (یوسف‌آباد),R06,مپنا,1400,4,فعال,89.2,341140885,414770813,0,F00-بدون خطا,0,657,0.88,65.0,6.42,172,35.75271,51.38616,,,,16.9
THR-R10-TR-00743,ترانسفورماتور توزیع,منطقه ۱۰ (آزادی),R10,فولاد مبارکه,1399,5,بازگشتی,80.5,330532139,405722113,128697966,F04-الکتریکی,1,469,0.7,69.1,1.6,167,35.71015,51.34199,2026-08-19,بازسازی,0.92,15.9
THR-R07-TR-00744,ترانسفورماتور توزیع,منطقه ۷ (بهار/شریعتی),R07,مپنا,1385,19,بازسازی شده,35.1,227059654,528473221,0,F00-بدون خطا,3,366,0.49,72.2,1.73,1416,35.70543,51.44826,,,,1.2
THR-R16-CB-00745,کلید قدرت,منطقه ۱۶ (علی‌آباد),R16,مپنا,1400,4,بازگشتی,63.4,164580340,187023114,55265254,F04-الکتریکی,1,150,0.77,53.1,3.22,1335,35.62356,51.41208,2026-09-04,بازسازی,0.8,11.4
THR-R09-TR-00746,ترانسفورماتور توزیع,منطقه ۹ (مهرآباد),R09,آریا رله,1389,15,امحا شده,46.4,251505722,440374725,0,F00-بدون خطا,1,306,0.54,72.6,1.3,1947,35.70909,51.33959,,,,3.6
THR-R06-CB-00747,کلید قدرت,منطقه ۶ (یوسف‌آباد),R06,پارس الکتریک,1383,21,بازگشتی,50.1,63846484,197608855,22020156,F02-عایق,1,697,0.78,58.0,2.65,708,35.71913,51.3939,2026-09-05,بازسازی,0.86,0.5
THR-R08-TR-00748,ترانسفورماتور توزیع,منطقه ۸ (تهران‌نو),R08,پارس سوئیچ,1388,16,بازگشتی,41.0,292791792,526135296,89757839,F03-مکانیکی,2,225,0.46,85.8,3.59,222,35.72778,51.47654,2026-07-02,بازیافت,0.88,3.0
THR-R11-CBM-00749,کابل فشار متوسط,منطقه ۱۱ (انقلاب),R11,آریا رله,1382,22,فعال,43.5,7326458,22682932,0,F00-بدون خطا,4,139,0.76,77.1,0.8,182,35.69407,51.40245,,,,5.2
THR-R13-CBM-00750,کابل فشار متوسط,منطقه ۱۳ (پیروزی),R13,پارس سوئیچ,1402,2,فعال,63.3,19487962,22783651,0,F00-بدون خطا,1,19,0.6,52.6,1.41,2158,35.68115,51.50432,,,,19.9
THR-R11-CB-00751,کلید قدرت,منطقه ۱۱ (انقلاب),R11,پارس الکتریک,1387,17,فعال,52.1,87308829,175875424,0,F00-بدون خطا,4,165,0.69,58.1,6.16,1890,35.66605,51.38615,,,,0.5
THR-R11-RL-00752,رله حفاظتی,منطقه ۱۱ (انقلاب),R11,پارس الکتریک,1401,3,فعال,78.7,39541321,45284723,0,F00-بدون خطا,0,579,0.79,66.1,5.68,558,35.68406,51.39559,,,,10.5
THR-R10-TR-00753,ترانسفورماتور توزیع,منطقه ۱۰ (آزادی),R10,ایران ترانسفو,1397,7,بازسازی شده,63.0,372980202,480693754,0,F00-بدون خطا,1,349,0.86,54.3,3.4,305,35.66975,51.34502,,,,9.7
THR-R20-CB-00754,کلید قدرت,منطقه ۲۰ (شهرری),R20,ایران ترانسفو,1396,8,بازگشتی,62.0,147166158,182685745,63704648,F02-عایق,0,566,0.67,80.8,4.3,1904,35.59342,51.43698,2026-07-01,بازسازی,0.79,8.5
THR-R22-CBM-00755,کابل فشار متوسط,منطقه ۲۲ (چیتگر),R22,مپنا,1394,10,فعال,57.8,17165464,23388462,0,F00-بدون خطا,1,634,0.59,67.8,3.2,2175,35.71568,51.19016,,,,15.6
THR-R02-CBM-00756,کابل فشار متوسط,منطقه ۲ (سعادت‌آباد),R02,فولاد مبارکه,1389,15,فعال,52.9,10784218,23522783,0,F00-بدون خطا,2,396,0.54,48.4,4.38,129,35.76483,51.35777,,,,10.0
THR-R10-TR-00757,ترانسفورماتور توزیع,منطقه ۱۰ (آزادی),R10,پارس الکتریک,1387,17,امحا شده,47.9,190001025,453308556,0,F00-بدون خطا,1,469,0.71,74.2,3.01,1782,35.66542,51.37696,,,,3.9
THR-R15-TR-00758,ترانسفورماتور توزیع,منطقه ۱۵ (خاوران),R15,پارس سوئیچ,1401,3,امحا شده,80.5,348813797,412296429,0,F00-بدون خطا,1,616,0.87,52.2,5.49,432,35.63786,51.46248,,,,17.9
THR-R05-TR-00759,ترانسفورماتور توزیع,منطقه ۵ (پونک/جنت‌آباد),R05,مپنا,1393,11,امحا شده,55.1,258244002,447741328,0,F00-بدون خطا,0,399,0.66,67.6,5.64,442,35.75501,51.30252,,,,9.4
THR-R01-TR-00760,ترانسفورماتور توزیع,منطقه ۱ (تجریش/نیاوران),R01,پارس سوئیچ,1386,18,فعال,41.3,194230909,439788912,0,F00-بدون خطا,4,219,0.55,58.8,5.38,841,35.82365,51.43805,,,,5.1
THR-R13-TR-00761,ترانسفورماتور توزیع,منطقه ۱۳ (پیروزی),R13,آریا رله,1393,11,فعال,61.2,285893991,458294667,0,F00-بدون خطا,2,520,0.47,48.1,2.2,1978,35.69961,51.49903,,,,9.8
THR-R08-TR-00762,ترانسفورماتور توزیع,منطقه ۸ (تهران‌نو),R08,پارس الکتریک,1378,26,فعال,12.0,77430954,420357864,0,F00-بدون خطا,5,498,0.78,55.1,1.25,588,35.72555,51.50739,,,,0.5
THR-R21-RL-00763,رله حفاظتی,منطقه ۲۱ (تهرانسر),R21,ایران ترانسفو,1387,17,فعال,38.5,25739859,51594319,0,F00-بدون خطا,1,137,0.51,68.4,4.14,1215,35.71346,51.25484,,,,0.5
THR-R16-CBM-00764,کابل فشار متوسط,منطقه ۱۶ (علی‌آباد),R16,مپنا,1380,24,بازگشتی,24.9,6525652,25226358,2288951,F05-رطوبت,3,461,0.52,73.0,4.95,1136,35.66006,51.3832,2026-07-07,امحا,0.86,0.5
THR-R22-CB-00765,کلید قدرت,منطقه ۲۲ (چیتگر),R22,آریا رله,1400,4,در تعمیر,72.3,182043068,213311405,25991119,F05-رطوبت,0,181,0.84,54.0,1.02,319,35.74515,51.17786,,تعمیر,0.92,11.7
THR-R05-TR-00766,ترانسفورماتور توزیع,منطقه ۵ (پونک/جنت‌آباد),R05,آریا رله,1400,4,فعال,84.4,346328382,422412152,0,F00-بدون خطا,0,384,0.46,59.0,0.99,1798,35.75842,51.32492,,,,18.6
THR-R21-CBM-00767,کابل فشار متوسط,منطقه ۲۱ (تهرانسر),R21,مپنا,1389,15,فعال,57.8,15556944,29869893,0,F00-بدون خطا,0,213,0.52,84.9,5.12,830,35.70685,51.23308,,,,11.6
THR-R04-CB-00768,کلید قدرت,منطقه ۴ (تهرانپارس),R04,آریا رله,1383,21,بازگشتی,45.2,70508776,172818350,13817069,F06-پیری,2,716,0.82,79.4,3.38,1564,35.74941,51.50599,2026-09-13,بازسازی,0.85,0.8
THR-R18-CB-00769,کلید قدرت,منطقه ۱۸ (یافت‌آباد),R18,فولاد مبارکه,1382,22,فعال,39.8,70222263,197357890,0,F00-بدون خطا,2,436,0.58,56.4,3.4,1473,35.62642,51.2887,,,,0.5
THR-R06-TR-00770,ترانسفورماتور توزیع,منطقه ۶ (یوسف‌آباد),R06,مپنا,1382,22,فعال,36.0,159623308,417926816,0,F00-بدون خطا,4,553,0.62,78.3,2.27,546,35.75113,51.40342,,,,2.4
THR-R14-CB-00771,کلید قدرت,منطقه ۱۴ (نبرد),R14,فولاد مبارکه,1380,24,فعال,34.1,57935492,207328034,0,F00-بدون خطا,0,371,0.81,66.9,4.32,1356,35.66741,51.46683,,,,0.5
THR-R12-TR-00772,ترانسفورماتور توزیع,منطقه ۱۲ (بازار),R12,پارس الکتریک,1392,12,بازسازی شده,48.1,312540933,472212339,0,F00-بدون خطا,1,326,0.64,57.2,3.11,197,35.69209,51.43507,,,,6.1
THR-R04-TR-00773,ترانسفورماتور توزیع,منطقه ۴ (تهرانپارس),R04,پارس سوئیچ,1400,4,فعال,72.5,413446243,475798906,0,F00-بدون خطا,1,229,0.5,79.8,1.36,613,35.7553,51.51267,,,,13.7
THR-R03-TR-00774,ترانسفورماتور توزیع,منطقه ۳ (ونک/الهیه),R03,فولاد مبارکه,1402,2,در تعمیر,89.5,397560550,451773353,186971265,F01-حرارتی,1,58,0.78,66.0,1.37,884,35.78099,51.39841,,بازسازی,0.79,20.1
THR-R04-TR-00775,ترانسفورماتور توزیع,منطقه ۴ (تهرانپارس),R04,ایران ترانسفو,1399,5,فعال,76.4,428642225,534635958,0,F00-بدون خطا,1,274,0.56,67.2,3.95,257,35.74966,51.53507,,,,13.3
THR-R03-TR-00776,ترانسفورماتور توزیع,منطقه ۳ (ونک/الهیه),R03,مپنا,1378,26,در تعمیر,25.1,82258977,533068300,14898174,F05-رطوبت,1,219,0.61,66.0,4.05,836,35.78028,51.38574,,امحا,0.87,0.6
THR-R22-TR-00777,ترانسفورماتور توزیع,منطقه ۲۲ (چیتگر),R22,آریا رله,1380,24,فعال,15.7,102315915,503917661,0,F00-بدون خطا,4,375,0.73,62.8,3.57,737,35.74929,51.21666,,,,0.9
THR-R17-RL-00778,رله حفاظتی,منطقه ۱۷ (آذری),R17,مپنا,1397,7,فعال,61.9,30932536,43386316,0,F00-بدون خطا,0,29,0.76,86.0,4.96,968,35.64028,51.36915,,,,4.4
THR-R07-CBM-00779,کابل فشار متوسط,منطقه ۷ (بهار/شریعتی),R07,ایران ترانسفو,1383,21,بازیافت شده,42.5,11212748,26893972,0,F00-بدون خطا,5,234,0.72,80.6,6.43,2145,35.7438,51.44162,,,,5.6
THR-R16-TR-00780,ترانسفورماتور توزیع,منطقه ۱۶ (علی‌آباد),R16,آریا رله,1396,8,فعال,60.5,359334611,513158152,0,F00-بدون خطا,0,403,0.68,77.7,5.19,1817,35.64522,51.38493,,,,10.1
THR-R07-CB-00781,کلید قدرت,منطقه ۷ (بهار/شریعتی),R07,فولاد مبارکه,1391,13,فعال,39.2,125704295,214582099,0,F00-بدون خطا,0,127,0.56,54.9,3.82,636,35.72817,51.43541,,,,3.9
THR-R16-RL-00782,رله حفاظتی,منطقه ۱۶ (علی‌آباد),R16,آریا رله,1400,4,فعال,72.2,37041111,42092172,0,F00-بدون خطا,0,520,0.45,53.1,6.12,553,35.64775,51.38916,,,,6.2
THR-R13-TR-00783,ترانسفورماتور توزیع,منطقه ۱۳ (پیروزی),R13,آریا رله,1397,7,در تعمیر,61.4,397461402,510080207,134773506,F02-عایق,1,453,0.9,69.6,2.44,853,35.72355,51.47368,,بازسازی,0.84,10.5
THR-R03-IN-00784,مقره,منطقه ۳ (ونک/الهیه),R03,ایران ترانسفو,1393,11,بازیافت شده,60.4,5775446,8747654,0,F00-بدون خطا,0,705,0.46,60.1,6.05,2093,35.7507,51.43255,,,,10.7
THR-R22-TR-00785,ترانسفورماتور توزیع,منطقه ۲۲ (چیتگر),R22,فولاد مبارکه,1392,12,بازگشتی,53.7,273346325,477119755,113867504,F01-حرارتی,1,425,0.63,64.1,5.26,496,35.72016,51.22215,2026-06-23,بازسازی,0.89,6.3
THR-R06-TR-00786,ترانسفورماتور توزیع,منطقه ۶ (یوسف‌آباد),R06,پارس سوئیچ,1384,20,فعال,41.1,163435356,455802095,0,F00-بدون خطا,0,449,0.77,65.4,1.91,2124,35.72316,51.37761,,,,0.5
THR-R09-RL-00787,رله حفاظتی,منطقه ۹ (مهرآباد),R09,آریا رله,1402,2,بازگشتی,81.8,41418331,47066286,9420277,F06-پیری,1,502,0.49,48.3,1.67,1736,35.6969,51.30941,2026-07-25,تعمیر,0.84,11.6
THR-R17-TR-00788,ترانسفورماتور توزیع,منطقه ۱۷ (آذری),R17,فولاد مبارکه,1402,2,فعال,76.6,374397277,437534494,0,F00-بدون خطا,1,524,0.62,82.9,3.05,1025,35.68181,51.36101,,,,17.1
THR-R21-CBM-00789,کابل فشار متوسط,منطقه ۲۱ (تهرانسر),R21,ایران ترانسفو,1378,26,فعال,24.6,4839804,25333476,0,F00-بدون خطا,6,525,0.48,55.7,3.12,189,35.69083,51.25887,,,,3.0
THR-R06-TR-00790,ترانسفورماتور توزیع,منطقه ۶ (یوسف‌آباد),R06,ایران ترانسفو,1399,5,فعال,58.0,396504014,494650006,0,F00-بدون خطا,0,691,0.48,60.2,1.7,2096,35.71775,51.38135,,,,12.3
THR-R15-TR-00791,ترانسفورماتور توزیع,منطقه ۱۵ (خاوران),R15,مپنا,1399,5,فعال,75.7,316276384,407138139,0,F00-بدون خطا,1,574,0.6,59.8,4.98,152,35.64289,51.45397,,,,18.6
THR-R02-CBM-00792,کابل فشار متوسط,منطقه ۲ (سعادت‌آباد),R02,فولاد مبارکه,1381,23,فعال,36.1,6825569,23232140,0,F00-بدون خطا,3,485,0.71,62.4,1.52,227,35.79989,51.37249,,,,4.7
THR-R02-TR-00793,ترانسفورماتور توزیع,منطقه ۲ (سعادت‌آباد),R02,فولاد مبارکه,1399,5,بازسازی شده,77.1,380515634,432404130,0,F00-بدون خطا,0,456,0.71,76.1,5.32,630,35.77759,51.39485,,,,14.4
THR-R10-RL-00794,رله حفاظتی,منطقه ۱۰ (آزادی),R10,پارس الکتریک,1393,11,در تعمیر,57.4,29586388,50087339,10764802,F06-پیری,2,567,0.76,56.6,4.17,2004,35.66622,51.35559,,بازسازی,0.83,2.8
THR-R16-CB-00795,کلید قدرت,منطقه ۱۶ (علی‌آباد),R16,فولاد مبارکه,1383,21,فعال,43.4,61300859,175597993,0,F00-بدون خطا,2,620,0.46,80.7,0.88,1627,35.66405,51.40569,,,,0.5
THR-R20-RL-00796,رله حفاظتی,منطقه ۲۰ (شهرری),R20,ایران ترانسفو,1402,2,امحا شده,72.2,40605214,48755180,0,F00-بدون خطا,0,619,0.5,50.8,4.16,264,35.5998,51.43212,,,,11.1
THR-R05-IN-00797,مقره,منطقه ۵ (پونک/جنت‌آباد),R05,فولاد مبارکه,1389,15,در تعمیر,70.0,4525169,8423365,1231210,F06-پیری,2,114,0.85,65.7,0.9,1833,35.7549,51.29632,,تعمیر,0.91,10.1
THR-R12-CBM-00798,کابل فشار متوسط,منطقه ۱۲ (بازار),R12,پارس سوئیچ,1391,13,فعال,64.2,17474860,29770795,0,F00-بدون خطا,1,678,0.54,78.9,5.6,1358,35.68466,51.39855,,,,13.2
THR-R19-TR-00799,ترانسفورماتور توزیع,منطقه ۱۹ (عبدالله‌آباد),R19,آریا رله,1400,4,فعال,85.9,359766488,408825555,0,F00-بدون خطا,0,188,0.55,49.6,1.95,160,35.63643,51.37441,,,,19.1
THR-R18-TR-00800,ترانسفورماتور توزیع,منطقه ۱۸ (یافت‌آباد),R18,آریا رله,1392,12,بازگشتی,45.7,271434646,461490682,82264784,F05-رطوبت,3,35,0.73,63.8,2.5,2003,35.63884,51.28853,2026-07-12,بازسازی,0.78,4.7
THR-R01-CBM-00801,کابل فشار متوسط,منطقه ۱ (تجریش/نیاوران),R01,فولاد مبارکه,1390,14,بازگشتی,55.7,16986390,28933241,5065236,F05-رطوبت,0,117,0.84,53.0,5.95,923,35.78595,51.44401,2026-08-13,بازسازی,0.79,11.4
THR-R16-CB-00802,کلید قدرت,منطقه ۱۶ (علی‌آباد),R16,آریا رله,1402,2,بازگشتی,69.6,177932377,202195883,61030845,F05-رطوبت,1,461,0.67,85.6,3.57,906,35.65515,51.39659,2026-07-24,بازسازی,0.9,13.9
THR-R21-IN-00803,مقره,منطقه ۲۱ (تهرانسر),R21,آریا رله,1380,24,بازسازی شده,46.4,2461052,9171786,0,F00-بدون خطا,2,63,0.8,80.4,0.99,1297,35.70272,51.23399,,,,3.4
THR-R19-TR-00804,ترانسفورماتور توزیع,منطقه ۱۹ (عبدالله‌آباد),R19,ایران ترانسفو,1385,19,بازگشتی,47.8,271531306,517054412,37400318,F06-پیری,4,621,0.6,59.3,3.83,1459,35.63762,51.36242,2026-08-22,بازسازی,0.81,2.3
THR-R03-CB-00805,کلید قدرت,منطقه ۳ (ونک/الهیه),R03,ایران ترانسفو,1394,10,فعال,61.7,119123505,174603398,0,F00-بدون خطا,1,682,0.82,72.7,1.44,1316,35.75467,51.41086,,,,5.8
THR-R17-IN-00806,مقره,منطقه ۱۷ (آذری),R17,فولاد مبارکه,1391,13,بازگشتی,67.1,4689424,8152534,1817976,F02-عایق,3,272,0.56,71.0,3.21,2190,35.66404,51.35441,2026-07-29,بازسازی,0.81,10.0
THR-R22-RL-00807,رله حفاظتی,منطقه ۲۲ (چیتگر),R22,فولاد مبارکه,1383,21,بازسازی شده,30.6,18045136,49449234,0,F00-بدون خطا,4,233,0.61,71.8,1.31,1994,35.75763,51.1879,,,,0.5
THR-R09-CBM-00808,کابل فشار متوسط,منطقه ۹ (مهرآباد),R09,پارس الکتریک,1395,9,در تعمیر,60.0,19557869,29694265,7385805,F05-رطوبت,2,76,0.66,82.3,6.25,901,35.70441,51.33021,,بازسازی,0.87,15.9
THR-R12-CB-00809,کلید قدرت,منطقه ۱۲ (بازار),R12,فولاد مبارکه,1385,19,فعال,48.2,80866405,193499977,0,F00-بدون خطا,3,341,0.63,65.9,6.39,343,35.67692,51.41772,,,,0.6
THR-R21-TR-00810,ترانسفورماتور توزیع,منطقه ۲۱ (تهرانسر),R21,آریا رله,1391,13,فعال,41.7,234048224,423024599,0,F00-بدون خطا,1,718,0.72,78.4,1.65,1047,35.6774,51.26377,,,,2.5
THR-R13-TR-00811,ترانسفورماتور توزیع,منطقه ۱۳ (پیروزی),R13,فولاد مبارکه,1382,22,فعال,26.3,155515713,435788345,0,F00-بدون خطا,2,512,0.91,60.3,1.54,1866,35.67558,51.46152,,,,0.5
THR-R14-CB-00812,کلید قدرت,منطقه ۱۴ (نبرد),R14,ایران ترانسفو,1379,25,فعال,26.7,44528426,165458350,0,F00-بدون خطا,1,279,0.57,66.0,0.93,1217,35.68812,51.48307,,,,0.5
THR-R22-CB-00813,کلید قدرت,منطقه ۲۲ (چیتگر),R22,ایران ترانسفو,1398,6,بازسازی شده,57.6,153951069,176583157,0,F00-بدون خطا,0,100,0.77,70.6,5.69,1365,35.72534,51.2077,,,,6.6
THR-R20-TR-00814,ترانسفورماتور توزیع,منطقه ۲۰ (شهرری),R20,پارس الکتریک,1380,24,بازیافت شده,26.0,144246002,495924766,0,F00-بدون خطا,2,688,0.66,85.8,1.61,449,35.57075,51.44974,,,,0.5
THR-R13-CBM-00815,کابل فشار متوسط,منطقه ۱۳ (پیروزی),R13,مپنا,1401,3,بازسازی شده,68.5,26114976,29676110,0,F00-بدون خطا,0,527,0.83,87.8,2.24,574,35.6915,51.50311,,,,21.6
THR-R17-RL-00816,رله حفاظتی,منطقه ۱۷ (آذری),R17,ایران ترانسفو,1396,8,بازیافت شده,69.1,34215776,44481570,0,F00-بدون خطا,1,258,0.58,65.7,1.78,580,35.63576,51.34601,,,,1.6
THR-R11-TR-00817,ترانسفورماتور توزیع,منطقه ۱۱ (انقلاب),R11,پارس سوئیچ,1396,8,در تعمیر,71.3,317013465,416502064,112233317,F04-الکتریکی,0,124,0.69,57.3,1.83,797,35.69768,51.42281,,بازسازی,0.79,13.2
THR-R07-CBM-00818,کابل فشار متوسط,منطقه ۷ (بهار/شریعتی),R07,مپنا,1392,12,فعال,69.0,15563059,26014887,0,F00-بدون خطا,3,398,0.91,87.8,3.97,542,35.74193,51.42429,,,,16.2
THR-R11-CB-00819,کلید قدرت,منطقه ۱۱ (انقلاب),R11,فولاد مبارکه,1393,11,بازگشتی,54.8,110164019,184922612,25487186,F02-عایق,1,391,0.73,84.6,2.44,1342,35.67903,51.42361,2026-09-23,بازسازی,0.78,5.5
THR-R21-CBM-00820,کابل فشار متوسط,منطقه ۲۱ (تهرانسر),R21,آریا رله,1397,7,فعال,67.7,21719677,27844510,0,F00-بدون خطا,0,580,0.57,86.2,6.06,1655,35.7094,51.24097,,,,17.7
THR-R10-CB-00821,کلید قدرت,منطقه ۱۰ (آزادی),R10,فولاد مبارکه,1400,4,فعال,89.1,154855679,186425467,0,F00-بدون خطا,0,412,0.46,65.8,5.25,112,35.68622,51.34284,,,,15.7
THR-R13-CBM-00822,کابل فشار متوسط,منطقه ۱۳ (پیروزی),R13,پارس سوئیچ,1386,18,فعال,28.1,14649898,29321665,0,F00-بدون خطا,2,179,0.82,69.7,2.65,1877,35.6759,51.48285,,,,6.5
THR-R21-TR-00823,ترانسفورماتور توزیع,منطقه ۲۱ (تهرانسر),R21,فولاد مبارکه,1402,2,بازگشتی,92.2,425999231,484090036,154513824,F03-مکانیکی,0,497,0.63,63.5,1.35,1771,35.71521,51.25796,2026-05-30,بازسازی,0.9,21.6
THR-R11-RL-00824,رله حفاظتی,منطقه ۱۱ (انقلاب),R11,ایران ترانسفو,1381,23,بازسازی شده,13.8,11666751,45975861,0,F00-بدون خطا,4,375,0.73,78.9,5.52,1803,35.69898,51.37835,,,,1.0
THR-R20-RL-00825,رله حفاظتی,منطقه ۲۰ (شهرری),R20,ایران ترانسفو,1395,9,در تعمیر,66.6,33622659,47051289,10595575,F06-پیری,0,671,0.63,59.5,2.33,832,35.61095,51.46,,بازسازی,0.84,1.9
THR-R21-TR-00826,ترانسفورماتور توزیع,منطقه ۲۱ (تهرانسر),R21,پارس الکتریک,1398,6,فعال,63.3,331528587,451508295,0,F00-بدون خطا,0,327,0.81,83.4,2.06,1365,35.67808,51.2385,,,,12.6
THR-R19-TR-00827,ترانسفورماتور توزیع,منطقه ۱۹ (عبدالله‌آباد),R19,پارس الکتریک,1383,21,فعال,25.4,126944375,522932666,0,F00-بدون خطا,4,435,0.45,64.1,5.97,1388,35.63314,51.36065,,,,2.1
THR-R15-CB-00828,کلید قدرت,منطقه ۱۵ (خاوران),R15,آریا رله,1401,3,فعال,82.3,167728707,190600804,0,F00-بدون خطا,1,218,0.76,64.7,4.87,425,35.63239,51.46103,,,,16.0
THR-R14-TR-00829,ترانسفورماتور توزیع,منطقه ۱۴ (نبرد),R14,ایران ترانسفو,1390,14,بازسازی شده,55.3,260786093,465958848,0,F00-بدون خطا,0,586,0.86,64.7,5.99,1016,35.6654,51.46937,,,,7.0
THR-R03-CBM-00830,کابل فشار متوسط,منطقه ۳ (ونک/الهیه),R03,فولاد مبارکه,1384,20,فعال,32.6,10196043,22653012,0,F00-بدون خطا,0,647,0.86,59.3,4.71,1836,35.76222,51.39885,,,,4.9
THR-R20-TR-00831,ترانسفورماتور توزیع,منطقه ۲۰ (شهرری),R20,ایران ترانسفو,1380,24,بازیافت شده,25.8,127977878,409697891,0,F00-بدون خطا,4,29,0.66,72.3,4.24,1862,35.58546,51.42946,,,,0.9
THR-R15-IN-00832,مقره,منطقه ۱۵ (خاوران),R15,آریا رله,1393,11,فعال,66.3,4935917,7861072,0,F00-بدون خطا,0,309,0.66,65.6,1.32,2104,35.62825,51.46181,,,,14.1
THR-R13-TR-00833,ترانسفورماتور توزیع,منطقه ۱۳ (پیروزی),R13,پارس سوئیچ,1384,20,بازگشتی,32.7,183320883,431588740,49238705,F06-پیری,5,443,0.55,54.2,5.82,818,35.68639,51.48419,2026-08-04,بازیافت,0.82,0.6
THR-R05-TR-00834,ترانسفورماتور توزیع,منطقه ۵ (پونک/جنت‌آباد),R05,آریا رله,1386,18,فعال,24.3,142520113,409807640,0,F00-بدون خطا,1,611,0.71,76.3,1.81,1956,35.7599,51.32271,,,,0.5
THR-R03-TR-00835,ترانسفورماتور توزیع,منطقه ۳ (ونک/الهیه),R03,پارس سوئیچ,1382,22,بازسازی شده,38.8,162059053,532868033,0,F00-بدون خطا,5,407,0.78,69.3,1.62,1813,35.7388,51.40988,,,,0.5
THR-R20-TR-00836,ترانسفورماتور توزیع,منطقه ۲۰ (شهرری),R20,فولاد مبارکه,1381,23,بازگشتی,36.3,146541920,450484458,48472394,F03-مکانیکی,1,377,0.54,65.1,4.55,266,35.58078,51.41935,2026-09-25,بازیافت,0.76,0.5
THR-R09-CB-00837,کلید قدرت,منطقه ۹ (مهرآباد),R09,پارس سوئیچ,1390,14,فعال,69.1,124086360,213995006,0,F00-بدون خطا,2,587,0.84,60.9,2.15,248,35.69447,51.31856,,,,5.0
THR-R19-TR-00838,ترانسفورماتور توزیع,منطقه ۱۹ (عبدالله‌آباد),R19,پارس سوئیچ,1383,21,فعال,38.9,183784028,505446675,0,F00-بدون خطا,3,106,0.79,80.2,2.45,1379,35.62016,51.33839,,,,0.5
THR-R17-TR-00839,ترانسفورماتور توزیع,منطقه ۱۷ (آذری),R17,فولاد مبارکه,1386,18,فعال,43.6,282634641,525031113,0,F00-بدون خطا,1,302,0.68,60.5,5.1,1556,35.67726,51.36127,,,,3.9
THR-R14-TR-00840,ترانسفورماتور توزیع,منطقه ۱۴ (نبرد),R14,فولاد مبارکه,1386,18,بازگشتی,47.0,219015686,521873177,83399430,F05-رطوبت,2,183,0.58,55.0,5.04,1372,35.66519,51.44574,2026-06-23,بازسازی,0.83,1.7
THR-R16-RL-00841,رله حفاظتی,منطقه ۱۶ (علی‌آباد),R16,پارس سوئیچ,1382,22,بازگشتی,30.4,11547692,45709102,5468384,F01-حرارتی,1,70,0.65,65.3,1.11,1021,35.63455,51.379,2026-09-02,بازیافت,0.83,0.5
THR-R02-CB-00842,کلید قدرت,منطقه ۲ (سعادت‌آباد),R02,ایران ترانسفو,1383,21,بازگشتی,28.4,70163351,170075663,11042461,F01-حرارتی,3,467,0.54,58.1,1.79,1540,35.76118,51.36005,2026-06-27,بازیافت,0.83,4.0
THR-R18-CB-00843,کلید قدرت,منطقه ۱۸ (یافت‌آباد),R18,آریا رله,1393,11,فعال,56.1,101524838,173334213,0,F00-بدون خطا,0,110,0.87,54.6,5.38,914,35.63959,51.27598,,,,5.4
THR-R10-TR-00844,ترانسفورماتور توزیع,منطقه ۱۰ (آزادی),R10,مپنا,1383,21,در تعمیر,54.2,157663830,458805495,28577349,F05-رطوبت,5,232,0.64,85.9,1.52,96,35.67774,51.34816,,بازسازی,0.86,2.5
THR-R17-RL-00845,رله حفاظتی,منطقه ۱۷ (آذری),R17,فولاد مبارکه,1383,21,فعال,38.4,17828433,42431598,0,F00-بدون خطا,1,708,0.67,67.8,4.97,466,35.67789,51.35044,,,,0.5
THR-R11-TR-00846,ترانسفورماتور توزیع,منطقه ۱۱ (انقلاب),R11,آریا رله,1399,5,امحا شده,92.7,432775124,525934633,0,F00-بدون خطا,1,619,0.79,65.5,3.1,514,35.66789,51.38203,,,,17.8
THR-R11-TR-00847,ترانسفورماتور توزیع,منطقه ۱۱ (انقلاب),R11,پارس الکتریک,1380,24,فعال,28.8,93468998,422083617,0,F00-بدون خطا,3,290,0.92,75.5,5.6,103,35.68883,51.41318,,,,0.5
THR-R11-CBM-00848,کابل فشار متوسط,منطقه ۱۱ (انقلاب),R11,پارس سوئیچ,1398,6,بازگشتی,52.8,19481943,22803818,3199870,F03-مکانیکی,0,64,0.61,74.2,4.84,1238,35.67515,51.3951,2026-08-15,بازسازی,0.91,14.8
THR-R02-RL-00849,رله حفاظتی,منطقه ۲ (سعادت‌آباد),R02,فولاد مبارکه,1395,9,بازیافت شده,45.7,36321839,48290220,0,F00-بدون خطا,0,276,0.6,63.7,2.29,809,35.77211,51.35919,,,,4.0
THR-R08-CBM-00850,کابل فشار متوسط,منطقه ۸ (تهران‌نو),R08,فولاد مبارکه,1390,14,فعال,44.9,14177443,27903120,0,F00-بدون خطا,1,427,0.47,68.1,4.13,1247,35.73058,51.52218,,,,7.3
THR-R21-RL-00851,رله حفاظتی,منطقه ۲۱ (تهرانسر),R21,فولاد مبارکه,1398,6,فعال,78.3,34732923,43766024,0,F00-بدون خطا,1,332,0.76,65.6,1.06,617,35.71881,51.22595,,,,7.3
THR-R12-RL-00852,رله حفاظتی,منطقه ۱۲ (بازار),R12,فولاد مبارکه,1389,15,فعال,48.5,21553007,40891456,0,F00-بدون خطا,3,502,0.51,56.6,1.17,1179,35.68449,51.41909,,,,1.0
THR-R19-CB-00853,کلید قدرت,منطقه ۱۹ (عبدالله‌آباد),R19,فولاد مبارکه,1380,24,در تعمیر,46.9,63646619,189310084,26359678,F05-رطوبت,1,660,0.61,84.7,1.56,1824,35.63805,51.36578,,بازیافت,0.84,0.5
THR-R03-TR-00854,ترانسفورماتور توزیع,منطقه ۳ (ونک/الهیه),R03,فولاد مبارکه,1388,16,امحا شده,35.8,222321380,455431448,0,F00-بدون خطا,1,554,0.66,49.4,2.62,423,35.74272,51.41426,,,,2.4
THR-R10-CB-00855,کلید قدرت,منطقه ۱۰ (آزادی),R10,پارس سوئیچ,1380,24,بازیافت شده,33.3,65596212,201143026,0,F00-بدون خطا,2,145,0.84,87.2,3.61,1310,35.69991,51.35055,,,,0.5
THR-R08-CB-00856,کلید قدرت,منطقه ۸ (تهران‌نو),R08,ایران ترانسفو,1387,17,بازگشتی,48.3,85229294,166055056,39172118,F01-حرارتی,4,537,0.81,72.3,4.37,1820,35.72325,51.52063,2026-08-04,بازسازی,0.9,0.5
THR-R04-CB-00857,کلید قدرت,منطقه ۴ (تهرانپارس),R04,مپنا,1401,3,بازگشتی,86.5,168873165,191901324,80233168,F03-مکانیکی,1,98,0.68,68.6,5.53,2142,35.75161,51.53385,2026-09-23,بازسازی,0.79,14.3
THR-R04-RL-00858,رله حفاظتی,منطقه ۴ (تهرانپارس),R04,ایران ترانسفو,1392,12,فعال,63.0,34113399,47615457,0,F00-بدون خطا,3,100,0.84,54.3,4.19,1784,35.71691,51.52576,,,,0.5
THR-R10-TR-00859,ترانسفورماتور توزیع,منطقه ۱۰ (آزادی),R10,آریا رله,1401,3,فعال,63.4,371067472,421667582,0,F00-بدون خطا,1,206,0.76,72.4,4.47,944,35.714,51.35469,,,,13.2
THR-R06-TR-00860,ترانسفورماتور توزیع,منطقه ۶ (یوسف‌آباد),R06,مپنا,1397,7,فعال,69.2,315708209,467418795,0,F00-بدون خطا,1,33,0.89,60.1,5.72,103,35.7245,51.41818,,,,11.3
THR-R13-TR-00861,ترانسفورماتور توزیع,منطقه ۱۳ (پیروزی),R13,پارس الکتریک,1383,21,بازگشتی,38.6,126378570,442063518,52658666,F06-پیری,3,631,0.85,72.4,5.66,2073,35.67527,51.48324,2026-08-18,بازیافت,0.84,0.5
THR-R20-IN-00862,مقره,منطقه ۲۰ (شهرری),R20,ایران ترانسفو,1397,7,فعال,55.1,6303297,8281287,0,F00-بدون خطا,1,143,0.76,71.7,5.0,633,35.56558,51.44284,,,,10.6
THR-R01-TR-00863,ترانسفورماتور توزیع,منطقه ۱ (تجریش/نیاوران),R01,فولاد مبارکه,1378,26,بازگشتی,24.7,95863698,420720145,32088536,F01-حرارتی,1,679,0.79,73.8,2.7,674,35.79315,51.41318,2026-07-04,امحا,0.85,1.7
THR-R08-TR-00864,ترانسفورماتور توزیع,منطقه ۸ (تهران‌نو),R08,آریا رله,1398,6,بازسازی شده,55.8,401975223,491055126,0,F00-بدون خطا,0,489,0.78,63.0,6.17,686,35.73267,51.47557,,,,12.1
THR-R16-TR-00865,ترانسفورماتور توزیع,منطقه ۱۶ (علی‌آباد),R16,پارس الکتریک,1381,23,فعال,39.4,161644555,439044567,0,F00-بدون خطا,5,470,0.69,54.6,6.37,2066,35.62519,51.39202,,,,0.5
THR-R16-TR-00866,ترانسفورماتور توزیع,منطقه ۱۶ (علی‌آباد),R16,ایران ترانسفو,1392,12,بازگشتی,58.1,310091889,502862886,85888441,F03-مکانیکی,3,356,0.72,67.9,4.1,112,35.6465,51.39203,2026-09-12,بازسازی,0.83,8.6
THR-R21-IN-00867,مقره,منطقه ۲۱ (تهرانسر),R21,ایران ترانسفو,1391,13,امحا شده,44.7,3816476,7401355,0,F00-بدون خطا,2,514,0.86,67.4,2.54,1717,35.67761,51.23767,,,,6.1
THR-R16-CB-00868,کلید قدرت,منطقه ۱۶ (علی‌آباد),R16,مپنا,1401,3,بازگشتی,79.7,143897286,192472257,23200823,F02-عایق,0,34,0.78,62.6,5.55,1808,35.66485,51.39628,2026-07-14,تعمیر,0.88,14.0
THR-R11-CB-00869,کلید قدرت,منطقه ۱۱ (انقلاب),R11,ایران ترانسفو,1386,18,بازسازی شده,55.2,71776227,167802473,0,F00-بدون خطا,3,521,0.6,87.0,2.26,1500,35.70731,51.41179,,,,0.5
THR-R15-RL-00870,رله حفاظتی,منطقه ۱۵ (خاوران),R15,آریا رله,1378,26,فعال,27.4,9085742,45862571,0,F00-بدون خطا,3,463,0.69,80.8,3.92,1030,35.64357,51.48266,,,,0.5
THR-R17-TR-00871,ترانسفورماتور توزیع,منطقه ۱۷ (آذری),R17,آریا رله,1399,5,فعال,67.9,386532196,482699183,0,F00-بدون خطا,0,414,0.54,84.9,5.66,1787,35.68253,51.37796,,,,12.7
THR-R22-RL-00872,رله حفاظتی,منطقه ۲۲ (چیتگر),R22,آریا رله,1389,15,در تعمیر,47.9,23824896,47309139,6841543,F05-رطوبت,1,103,0.51,83.5,5.08,2057,35.72767,51.20025,,بازسازی,0.78,1.6
THR-R05-TR-00873,ترانسفورماتور توزیع,منطقه ۵ (پونک/جنت‌آباد),R05,آریا رله,1383,21,بازگشتی,48.6,104369406,454949849,40357640,F04-الکتریکی,3,255,0.67,61.2,5.1,937,35.77421,51.33316,2026-07-16,بازسازی,0.83,0.9
THR-R02-CBM-00874,کابل فشار متوسط,منطقه ۲ (سعادت‌آباد),R02,پارس سوئیچ,1389,15,بازسازی شده,55.8,12422013,25492803,0,F00-بدون خطا,1,530,0.74,65.3,1.2,210,35.804,51.36629,,,,10.7
THR-R03-TR-00875,ترانسفورماتور توزیع,منطقه ۳ (ونک/الهیه),R03,فولاد مبارکه,1381,23,بازگشتی,54.9,142432139,474284696,61809592,F05-رطوبت,1,279,0.82,61.0,4.88,1473,35.74645,51.38931,2026-06-17,بازیافت,0.82,0.9
THR-R12-RL-00876,رله حفاظتی,منطقه ۱۲ (بازار),R12,پارس الکتریک,1402,2,بازسازی شده,82.6,37073384,42453593,0,F00-بدون خطا,0,542,0.79,85.7,3.81,506,35.69056,51.40613,,,,9.9
THR-R02-CBM-00877,کابل فشار متوسط,منطقه ۲ (سعادت‌آباد),R02,مپنا,1392,12,در تعمیر,46.3,17961841,24944176,5231131,F01-حرارتی,0,57,0.87,63.7,6.28,2157,35.78514,51.4043,,بازسازی,0.88,10.5
THR-R04-TR-00878,ترانسفورماتور توزیع,منطقه ۴ (تهرانپارس),R04,پارس الکتریک,1381,23,بازسازی شده,41.6,197712421,500823636,0,F00-بدون خطا,1,314,0.8,68.8,2.33,1888,35.76253,51.50723,,,,0.5
THR-R17-CB-00879,کلید قدرت,منطقه ۱۷ (آذری),R17,پارس سوئیچ,1381,23,فعال,35.9,75218069,197692586,0,F00-بدون خطا,2,140,0.54,86.5,3.72,906,35.65115,51.35906,,,,0.5
THR-R15-CBM-00880,کابل فشار متوسط,منطقه ۱۵ (خاوران),R15,آریا رله,1402,2,در تعمیر,94.4,21752080,25163488,5798650,F04-الکتریکی,1,532,0.68,53.4,3.63,781,35.63546,51.46221,,تعمیر,0.91,33.0
THR-R03-TR-00881,ترانسفورماتور توزیع,منطقه ۳ (ونک/الهیه),R03,پارس سوئیچ,1400,4,در تعمیر,73.1,443551684,530907171,149823777,F06-پیری,0,557,0.62,86.4,5.48,1807,35.76497,51.40509,,تعمیر,0.93,15.7
THR-R08-TR-00882,ترانسفورماتور توزیع,منطقه ۸ (تهران‌نو),R08,مپنا,1391,13,فعال,57.5,253090438,441580033,0,F00-بدون خطا,3,713,0.85,49.3,1.23,1561,35.71928,51.48855,,,,7.2
THR-R01-TR-00883,ترانسفورماتور توزیع,منطقه ۱ (تجریش/نیاوران),R01,آریا رله,1402,2,فعال,77.0,376022057,436301047,0,F00-بدون خطا,0,337,0.64,52.6,4.65,1725,35.8193,51.43736,,,,17.7
THR-R06-TR-00884,ترانسفورماتور توزیع,منطقه ۶ (یوسف‌آباد),R06,پارس الکتریک,1390,14,در تعمیر,55.0,307460500,503343577,36901107,F05-رطوبت,0,691,0.46,85.4,5.42,1291,35.7527,51.41571,,بازسازی,0.92,7.2
THR-R14-TR-00885,ترانسفورماتور توزیع,منطقه ۱۴ (نبرد),R14,آریا رله,1399,5,بازگشتی,77.3,468740805,532660006,130993069,F06-پیری,1,23,0.72,84.4,6.17,1225,35.67496,51.45882,2026-06-02,تعمیر,0.94,17.8
THR-R17-CB-00886,کلید قدرت,منطقه ۱۷ (آذری),R17,مپنا,1382,22,بازگشتی,32.9,53329957,163266787,12723994,F06-پیری,1,654,0.51,51.7,4.16,1891,35.66184,51.38054,2026-06-28,بازیافت,0.87,0.5
THR-R12-IN-00887,مقره,منطقه ۱۲ (بازار),R12,ایران ترانسفو,1398,6,فعال,58.7,7428992,9358687,0,F00-بدون خطا,1,52,0.8,67.0,1.5,1450,35.69637,51.41513,,,,13.8
THR-R13-RL-00888,رله حفاظتی,منطقه ۱۳ (پیروزی),R13,ایران ترانسفو,1401,3,بازسازی شده,82.6,43451690,50415575,0,F00-بدون خطا,0,538,0.5,67.8,4.73,1358,35.69336,51.45594,,,,10.8
THR-R17-TR-00889,ترانسفورماتور توزیع,منطقه ۱۷ (آذری),R17,پارس سوئیچ,1398,6,فعال,85.4,364088674,499315804,0,F00-بدون خطا,1,326,0.66,56.0,2.55,1811,35.6702,51.35963,,,,16.2
THR-R17-TR-00890,ترانسفورماتور توزیع,منطقه ۱۷ (آذری),R17,مپنا,1379,25,بازسازی شده,36.4,112318578,438552325,0,F00-بدون خطا,5,377,0.6,57.7,1.76,587,35.65021,51.37354,,,,0.5
THR-R02-RL-00891,رله حفاظتی,منطقه ۲ (سعادت‌آباد),R02,آریا رله,1381,23,فعال,36.0,15057746,46625675,0,F00-بدون خطا,3,256,0.47,59.9,2.4,1037,35.78035,51.38937,,,,0.5
THR-R12-TR-00892,ترانسفورماتور توزیع,منطقه ۱۲ (بازار),R12,مپنا,1399,5,در تعمیر,78.4,351863763,446818317,108331254,F06-پیری,1,268,0.61,59.6,3.88,511,35.68319,51.41406,,تعمیر,0.93,14.8
THR-R11-CB-00893,کلید قدرت,منطقه ۱۱ (انقلاب),R11,ایران ترانسفو,1384,20,بازسازی شده,45.1,77192707,200961636,0,F00-بدون خطا,3,165,0.84,64.2,2.06,1823,35.66941,51.41732,,,,0.8
THR-R14-TR-00894,ترانسفورماتور توزیع,منطقه ۱۴ (نبرد),R14,پارس سوئیچ,1379,25,فعال,44.3,189709407,477674060,0,F00-بدون خطا,3,471,0.87,83.0,5.37,399,35.67325,51.48244,,,,0.9
THR-R12-RL-00895,رله حفاظتی,منطقه ۱۲ (بازار),R12,پارس الکتریک,1390,14,بازگشتی,49.3,24463889,51928215,7384661,F03-مکانیکی,3,448,0.62,58.6,2.79,1882,35.6874,51.40195,2026-06-29,بازسازی,0.8,1.5
THR-R16-RL-00896,رله حفاظتی,منطقه ۱۶ (علی‌آباد),R16,فولاد مبارکه,1391,13,بازسازی شده,50.4,25964788,47996054,0,F00-بدون خطا,1,483,0.62,73.9,4.93,609,35.62,51.41525,,,,2.7
THR-R17-IN-00897,مقره,منطقه ۱۷ (آذری),R17,پارس الکتریک,1381,23,بازگشتی,33.1,2555487,8678938,701074,F04-الکتریکی,0,175,0.83,75.8,5.16,1592,35.64412,51.38212,2026-05-31,بازیافت,0.78,1.4
THR-R04-CB-00898,کلید قدرت,منطقه ۴ (تهرانپارس),R04,ایران ترانسفو,1391,13,فعال,60.0,122961901,182870661,0,F00-بدون خطا,2,550,0.91,60.4,3.43,707,35.72556,51.52663,,,,3.6
THR-R04-TR-00899,ترانسفورماتور توزیع,منطقه ۴ (تهرانپارس),R04,پارس سوئیچ,1389,15,فعال,51.3,326166062,518862752,0,F00-بدون خطا,0,160,0.85,52.5,2.78,1807,35.75309,51.49791,,,,5.6
THR-R02-CBM-00900,کابل فشار متوسط,منطقه ۲ (سعادت‌آباد),R02,پارس الکتریک,1387,17,بازسازی شده,56.5,10655749,23086815,0,F00-بدون خطا,1,515,0.53,82.2,4.71,88,35.79441,51.39677,,,,10.5
THR-R04-CB-00901,کلید قدرت,منطقه ۴ (تهرانپارس),R04,مپنا,1380,24,بازسازی شده,38.9,52049931,184639459,0,F00-بدون خطا,3,332,0.83,79.7,4.11,1932,35.7247,51.50924,,,,2.4
THR-R11-RL-00902,رله حفاظتی,منطقه ۱۱ (انقلاب),R11,مپنا,1393,11,بازسازی شده,66.2,25137575,41175871,0,F00-بدون خطا,0,666,0.57,75.8,3.13,1967,35.70868,51.37878,,,,3.3
THR-R15-RL-00903,رله حفاظتی,منطقه ۱۵ (خاوران),R15,مپنا,1382,22,بازسازی شده,32.8,15002547,40660263,0,F00-بدون خطا,0,695,0.86,84.5,2.32,1757,35.63003,51.4639,,,,0.5
THR-R13-TR-00904,ترانسفورماتور توزیع,منطقه ۱۳ (پیروزی),R13,پارس الکتریک,1390,14,فعال,40.7,358497809,533130181,0,F00-بدون خطا,3,299,0.79,63.1,0.85,442,35.72493,51.46677,,,,2.4
THR-R06-RL-00905,رله حفاظتی,منطقه ۶ (یوسف‌آباد),R06,ایران ترانسفو,1396,8,بازگشتی,65.0,33605505,47092521,4305708,F05-رطوبت,2,674,0.64,57.3,3.85,428,35.73935,51.3897,2026-09-01,بازسازی,0.81,2.4
THR-R20-CB-00906,کلید قدرت,منطقه ۲۰ (شهرری),R20,مپنا,1402,2,فعال,85.1,150038626,170498439,0,F00-بدون خطا,1,34,0.5,66.7,1.2,572,35.59855,51.4527,,,,13.6
THR-R22-CBM-00907,کابل فشار متوسط,منطقه ۲۲ (چیتگر),R22,پارس سوئیچ,1383,21,امحا شده,25.8,10412059,26457183,0,F00-بدون خطا,1,608,0.64,86.0,5.23,1899,35.74087,51.22122,,,,6.3
THR-R03-IN-00908,مقره,منطقه ۳ (ونک/الهیه),R03,ایران ترانسفو,1397,7,فعال,83.7,6530983,8237751,0,F00-بدون خطا,1,363,0.54,76.0,2.46,1870,35.77343,51.42614,,,,18.7
THR-R06-TR-00909,ترانسفورماتور توزیع,منطقه ۶ (یوسف‌آباد),R06,ایران ترانسفو,1394,10,فعال,52.6,310571304,502951713,0,F00-بدون خطا,0,116,0.5,57.5,2.97,768,35.71649,51.37505,,,,6.9
THR-R10-TR-00910,ترانسفورماتور توزیع,منطقه ۱۰ (آزادی),R10,پارس الکتریک,1386,18,در تعمیر,51.5,222835166,536027399,84183270,F03-مکانیکی,3,188,0.74,53.9,1.88,321,35.68116,51.35093,,بازسازی,0.85,3.6
THR-R20-CBM-00911,کابل فشار متوسط,منطقه ۲۰ (شهرری),R20,فولاد مبارکه,1383,21,فعال,40.5,9964831,25351462,0,F00-بدون خطا,2,116,0.46,77.4,3.58,1390,35.60856,51.44816,,,,7.2
THR-R05-TR-00912,ترانسفورماتور توزیع,منطقه ۵ (پونک/جنت‌آباد),R05,پارس سوئیچ,1388,16,فعال,45.5,182303461,467779768,0,F00-بدون خطا,0,260,0.55,84.7,5.45,1048,35.76949,51.3392,,,,4.3
THR-R16-CB-00913,کلید قدرت,منطقه ۱۶ (علی‌آباد),R16,ایران ترانسفو,1394,10,فعال,62.5,109978525,168061017,0,F00-بدون خطا,1,340,0.47,61.9,1.82,1983,35.62956,51.40571,,,,6.3
THR-R18-TR-00914,ترانسفورماتور توزیع,منطقه ۱۸ (یافت‌آباد),R18,آریا رله,1393,11,فعال,43.7,290762236,471867882,0,F00-بدون خطا,0,582,0.55,68.7,5.0,495,35.63638,51.3228,,,,8.7
THR-R08-RL-00915,رله حفاظتی,منطقه ۸ (تهران‌نو),R08,فولاد مبارکه,1398,6,در تعمیر,75.4,35888828,45602572,10297340,F05-رطوبت,1,100,0.7,51.0,4.78,2129,35.70943,51.50545,,تعمیر,0.91,5.8
THR-R07-RL-00916,رله حفاظتی,منطقه ۷ (بهار/شریعتی),R07,مپنا,1382,22,فعال,34.8,12886772,46837370,0,F00-بدون خطا,1,448,0.64,60.9,4.28,1930,35.73102,51.44147,,,,0.5
THR-R02-TR-00917,ترانسفورماتور توزیع,منطقه ۲ (سعادت‌آباد),R02,ایران ترانسفو,1392,12,امحا شده,58.2,264230673,415090696,0,F00-بدون خطا,1,76,0.85,64.7,3.31,2055,35.77803,51.39954,,,,7.3
THR-R09-CB-00918,کلید قدرت,منطقه ۹ (مهرآباد),R09,مپنا,1399,5,فعال,76.2,143025846,163824614,0,F00-بدون خطا,0,537,0.61,61.9,3.47,1232,35.69466,51.30434,,,,12.2
THR-R02-TR-00919,ترانسفورماتور توزیع,منطقه ۲ (سعادت‌آباد),R02,پارس الکتریک,1395,9,بازگشتی,57.2,289810461,424659879,38265899,F01-حرارتی,1,140,0.84,52.3,3.68,652,35.77851,51.40272,2026-06-25,بازسازی,0.88,10.1
THR-R18-CBM-00920,کابل فشار متوسط,منطقه ۱۸ (یافت‌آباد),R18,پارس الکتریک,1391,13,فعال,65.5,17908579,28745843,0,F00-بدون خطا,2,282,0.7,63.2,2.74,1934,35.61861,51.30954,,,,16.4
THR-R09-TR-00921,ترانسفورماتور توزیع,منطقه ۹ (مهرآباد),R09,آریا رله,1388,16,فعال,52.2,243172876,471983750,0,F00-بدون خطا,4,31,0.61,76.7,5.03,627,35.70624,51.31511,,,,4.5
THR-R21-CBM-00922,کابل فشار متوسط,منطقه ۲۱ (تهرانسر),R21,فولاد مبارکه,1397,7,فعال,69.1,18210285,23583864,0,F00-بدون خطا,0,584,0.83,55.2,3.12,2082,35.6817,51.27219,,,,17.3
THR-R13-CB-00923,کلید قدرت,منطقه ۱۳ (پیروزی),R13,پارس الکتریک,1398,6,بازگشتی,84.8,142697000,189551497,23691398,F06-پیری,1,141,0.61,57.7,3.07,1525,35.71195,51.47484,2026-06-13,تعمیر,0.9,11.0
THR-R13-IN-00924,مقره,منطقه ۱۳ (پیروزی),R13,فولاد مبارکه,1389,15,فعال,45.3,5395450,9153189,0,F00-بدون خطا,0,394,0.8,76.0,2.2,870,35.69968,51.46527,,,,7.6
THR-R15-TR-00925,ترانسفورماتور توزیع,منطقه ۱۵ (خاوران),R15,پارس سوئیچ,1401,3,فعال,78.9,439440412,502512007,0,F00-بدون خطا,1,107,0.8,63.5,2.68,1321,35.62452,51.45711,,,,17.1
THR-R08-TR-00926,ترانسفورماتور توزیع,منطقه ۸ (تهران‌نو),R08,فولاد مبارکه,1393,11,امحا شده,59.5,284587941,411423730,0,F00-بدون خطا,1,635,0.78,52.2,4.59,936,35.72427,51.48291,,,,8.6
THR-R01-TR-00927,ترانسفورماتور توزیع,منطقه ۱ (تجریش/نیاوران),R01,پارس سوئیچ,1398,6,فعال,62.2,398622456,531407595,0,F00-بدون خطا,1,580,0.69,60.9,1.55,873,35.78033,51.43109,,,,11.8
THR-R22-RL-00928,رله حفاظتی,منطقه ۲۲ (چیتگر),R22,پارس الکتریک,1399,5,بازگشتی,71.2,44934861,51062343,13977896,F01-حرارتی,0,81,0.53,58.0,2.08,601,35.74449,51.18503,2026-08-23,تعمیر,0.87,5.8
THR-R19-IN-00929,مقره,منطقه ۱۹ (عبدالله‌آباد),R19,ایران ترانسفو,1394,10,در تعمیر,82.8,6743234,9467873,1283948,F02-عایق,2,709,0.47,60.2,5.04,1115,35.62708,51.37586,,تعمیر,0.87,14.6
THR-R22-CB-00930,کلید قدرت,منطقه ۲۲ (چیتگر),R22,آریا رله,1392,12,فعال,57.0,123570416,186587194,0,F00-بدون خطا,0,457,0.53,63.9,4.11,1746,35.7499,51.1944,,,,5.4
THR-R09-TR-00931,ترانسفورماتور توزیع,منطقه ۹ (مهرآباد),R09,ایران ترانسفو,1394,10,فعال,44.5,319443771,473622078,0,F00-بدون خطا,2,244,0.66,59.4,2.5,272,35.6662,51.31065,,,,6.9
THR-R09-CBM-00932,کابل فشار متوسط,منطقه ۹ (مهرآباد),R09,پارس سوئیچ,1395,9,فعال,79.5,22410370,29754099,0,F00-بدون خطا,1,357,0.85,65.1,3.95,415,35.68693,51.31467,,,,20.2
THR-R19-IN-00933,مقره,منطقه ۱۹ (عبدالله‌آباد),R19,پارس سوئیچ,1401,3,فعال,78.8,6985059,8476771,0,F00-بدون خطا,0,216,0.83,61.8,1.78,753,35.63545,51.37404,,,,22.1
THR-R11-TR-00934,ترانسفورماتور توزیع,منطقه ۱۱ (انقلاب),R11,ایران ترانسفو,1398,6,بازگشتی,68.0,353824158,452578418,113141480,F04-الکتریکی,1,621,0.56,67.2,3.64,1449,35.6744,51.41798,2026-06-10,بازسازی,0.82,12.9
THR-R09-TR-00935,ترانسفورماتور توزیع,منطقه ۹ (مهرآباد),R09,آریا رله,1393,11,فعال,53.3,255979847,427910207,0,F00-بدون خطا,0,547,0.8,53.5,6.31,1049,35.70092,51.3335,,,,9.6
THR-R03-RL-00936,رله حفاظتی,منطقه ۳ (ونک/الهیه),R03,مپنا,1397,7,فعال,70.8,31356916,43013227,0,F00-بدون خطا,1,142,0.8,66.8,5.26,430,35.73828,51.39192,,,,6.3
THR-R02-CBM-00937,کابل فشار متوسط,منطقه ۲ (سعادت‌آباد),R02,ایران ترانسفو,1390,14,فعال,63.5,17439647,27647749,0,F00-بدون خطا,1,467,0.77,79.7,2.55,304,35.75592,51.37059,,,,12.0
THR-R10-CB-00938,کلید قدرت,منطقه ۱۰ (آزادی),R10,آریا رله,1391,13,فعال,67.8,103314431,188560271,0,F00-بدون خطا,0,405,0.58,57.7,6.45,1725,35.70342,51.34608,,,,4.4
THR-R04-CB-00939,کلید قدرت,منطقه ۴ (تهرانپارس),R04,فولاد مبارکه,1391,13,فعال,63.4,110082085,211964290,0,F00-بدون خطا,3,490,0.81,87.4,1.83,1833,35.72234,51.54354,,,,5.1
THR-R20-CB-00940,کلید قدرت,منطقه ۲۰ (شهرری),R20,آریا رله,1388,16,بازگشتی,44.6,79962351,171483829,21725426,F04-الکتریکی,4,616,0.92,64.0,4.31,868,35.60469,51.43824,2026-09-12,بازیافت,0.82,3.2
THR-R04-TR-00941,ترانسفورماتور توزیع,منطقه ۴ (تهرانپارس),R04,پارس الکتریک,1400,4,فعال,66.3,377779618,498911501,0,F00-بدون خطا,0,536,0.55,68.1,0.91,1129,35.76189,51.52212,,,,13.7
THR-R12-TR-00942,ترانسفورماتور توزیع,منطقه ۱۲ (بازار),R12,ایران ترانسفو,1401,3,بازگشتی,79.9,354874575,407019761,76382019,F02-عایق,0,76,0.75,64.6,6.1,602,35.6757,51.42366,2026-08-17,تعمیر,0.95,15.6
THR-R19-TR-00943,ترانسفورماتور توزیع,منطقه ۱۹ (عبدالله‌آباد),R19,پارس سوئیچ,1398,6,در تعمیر,64.4,343191330,422663718,124678729,F05-رطوبت,0,495,0.7,52.5,5.52,1344,35.62299,51.37448,,بازسازی,0.93,13.1
THR-R20-TR-00944,ترانسفورماتور توزیع,منطقه ۲۰ (شهرری),R20,پارس سوئیچ,1389,15,امحا شده,64.6,304767222,534209457,0,F00-بدون خطا,0,534,0.67,62.6,2.81,303,35.59984,51.4448,,,,5.6
THR-R14-TR-00945,ترانسفورماتور توزیع,منطقه ۱۴ (نبرد),R14,پارس سوئیچ,1384,20,بازگشتی,53.5,211384317,496599804,40464800,F01-حرارتی,2,698,0.76,64.4,5.9,2028,35.6697,51.47458,2026-06-29,بازسازی,0.9,5.8
THR-R15-CB-00946,کلید قدرت,منطقه ۱۵ (خاوران),R15,آریا رله,1388,16,بازسازی شده,34.6,98179896,201403779,0,F00-بدون خطا,4,443,0.92,59.8,4.85,1426,35.65555,51.47795,,,,1.9
THR-R06-TR-00947,ترانسفورماتور توزیع,منطقه ۶ (یوسف‌آباد),R06,پارس سوئیچ,1379,25,فعال,33.7,105453250,519476178,0,F00-بدون خطا,5,250,0.91,50.2,4.07,1990,35.72338,51.40455,,,,2.7
THR-R20-TR-00948,ترانسفورماتور توزیع,منطقه ۲۰ (شهرری),R20,پارس سوئیچ,1393,11,در تعمیر,59.4,265614102,415601170,85473068,F06-پیری,1,424,0.7,85.3,5.39,834,35.5816,51.42275,,بازسازی,0.91,9.7
THR-R01-TR-00949,ترانسفورماتور توزیع,منطقه ۱ (تجریش/نیاوران),R01,آریا رله,1380,24,فعال,26.9,138329507,527957717,0,F00-بدون خطا,1,465,0.55,72.0,1.31,876,35.78813,51.4235,,,,0.5
THR-R21-CB-00950,کلید قدرت,منطقه ۲۱ (تهرانسر),R21,پارس سوئیچ,1402,2,فعال,84.8,176805974,200915880,0,F00-بدون خطا,0,305,0.72,62.6,6.14,793,35.70274,51.24614,,,,14.6
THR-R08-IN-00951,مقره,منطقه ۸ (تهران‌نو),R08,پارس سوئیچ,1401,3,فعال,79.9,7901661,9339078,0,F00-بدون خطا,0,37,0.49,80.5,4.9,801,35.74519,51.4842,,,,22.8
THR-R09-CBM-00952,کابل فشار متوسط,منطقه ۹ (مهرآباد),R09,پارس الکتریک,1378,26,بازسازی شده,22.5,5501091,27883204,0,F00-بدون خطا,3,128,0.47,48.9,2.93,1466,35.69899,51.33655,,,,2.4
THR-R07-TR-00953,ترانسفورماتور توزیع,منطقه ۷ (بهار/شریعتی),R07,مپنا,1385,19,فعال,43.6,190655312,528842101,0,F00-بدون خطا,1,653,0.89,52.9,2.01,1856,35.71457,51.45725,,,,1.4
THR-R03-TR-00954,ترانسفورماتور توزیع,منطقه ۳ (ونک/الهیه),R03,پارس الکتریک,1382,22,در تعمیر,56.3,146405935,442507441,63418093,F05-رطوبت,3,398,0.49,65.8,6.5,1382,35.76225,51.4157,,بازیافت,0.82,1.2
THR-R20-TR-00955,ترانسفورماتور توزیع,منطقه ۲۰ (شهرری),R20,مپنا,1398,6,فعال,70.2,358965731,468827101,0,F00-بدون خطا,0,316,0.57,61.2,2.34,688,35.59886,51.45873,,,,11.8
THR-R11-TR-00956,ترانسفورماتور توزیع,منطقه ۱۱ (انقلاب),R11,پارس سوئیچ,1398,6,در تعمیر,80.1,303236023,474177854,109825082,F05-رطوبت,1,98,0.61,77.7,5.11,2007,35.68436,51.38757,,بازسازی,0.8,15.9
THR-R22-CB-00957,کلید قدرت,منطقه ۲۲ (چیتگر),R22,مپنا,1383,21,فعال,28.7,77164373,193756657,0,F00-بدون خطا,3,490,0.72,76.6,1.42,813,35.74353,51.19921,,,,0.5
THR-R11-RL-00958,رله حفاظتی,منطقه ۱۱ (انقلاب),R11,مپنا,1394,10,بازگشتی,81.9,26532797,41399477,12507260,F04-الکتریکی,1,425,0.54,67.4,5.53,229,35.71285,51.37802,2026-08-30,بازسازی,0.85,4.6
THR-R08-IN-00959,مقره,منطقه ۸ (تهران‌نو),R08,آریا رله,1392,12,بازسازی شده,54.9,5133591,8049373,0,F00-بدون خطا,1,450,0.59,49.3,5.45,1624,35.73517,51.4906,,,,7.6
THR-R19-TR-00960,ترانسفورماتور توزیع,منطقه ۱۹ (عبدالله‌آباد),R19,ایران ترانسفو,1389,15,فعال,61.5,203010831,468599897,0,F00-بدون خطا,1,317,0.85,83.9,6.2,1900,35.63594,51.34123,,,,5.5
THR-R17-TR-00961,ترانسفورماتور توزیع,منطقه ۱۷ (آذری),R17,فولاد مبارکه,1396,8,فعال,54.5,319590623,455441510,0,F00-بدون خطا,1,493,0.86,49.3,4.47,1851,35.65165,51.34381,,,,8.6
THR-R14-TR-00962,ترانسفورماتور توزیع,منطقه ۱۴ (نبرد),R14,پارس سوئیچ,1393,11,فعال,75.1,357078601,524619985,0,F00-بدون خطا,0,467,0.61,68.1,0.88,1037,35.68145,51.48139,,,,11.5
THR-R09-CB-00963,کلید قدرت,منطقه ۹ (مهرآباد),R09,آریا رله,1389,15,بازیافت شده,48.3,87004950,171560337,0,F00-بدون خطا,0,248,0.77,48.2,6.41,483,35.66643,51.34047,,,,2.8
THR-R04-TR-00964,ترانسفورماتور توزیع,منطقه ۴ (تهرانپارس),R04,آریا رله,1379,25,بازگشتی,35.6,98385430,525642567,22131418,F02-عایق,5,271,0.52,57.0,3.98,1319,35.74314,51.49999,2026-06-22,بازیافت,0.89,1.5
THR-R22-IN-00965,مقره,منطقه ۲۲ (چیتگر),R22,مپنا,1384,20,بازگشتی,47.9,3547306,7757121,426881,F06-پیری,5,282,0.64,69.0,3.52,114,35.75286,51.22426,2026-06-19,بازسازی,0.92,4.6
THR-R10-TR-00966,ترانسفورماتور توزیع,منطقه ۱۰ (آزادی),R10,فولاد مبارکه,1389,15,در تعمیر,58.4,287940730,476113802,67383360,F04-الکتریکی,0,684,0.56,53.9,4.53,2179,35.67791,51.33689,,بازسازی,0.87,5.5
THR-R05-IN-00967,مقره,منطقه ۵ (پونک/جنت‌آباد),R05,پارس سوئیچ,1385,19,فعال,54.1,3853475,8408584,0,F00-بدون خطا,3,543,0.59,87.3,2.36,1999,35.7797,51.34182,,,,6.6
THR-R15-TR-00968,ترانسفورماتور توزیع,منطقه ۱۵ (خاوران),R15,پارس الکتریک,1380,24,فعال,43.8,109144471,412673477,0,F00-بدون خطا,3,442,0.71,74.2,3.63,938,35.66392,51.46442,,,,0.5
THR-R15-TR-00969,ترانسفورماتور توزیع,منطقه ۱۵ (خاوران),R15,پارس سوئیچ,1395,9,فعال,66.8,340631642,501683473,0,F00-بدون خطا,2,327,0.53,62.9,5.63,119,35.63584,51.47286,,,,9.8
THR-R16-IN-00970,مقره,منطقه ۱۶ (علی‌آباد),R16,پارس الکتریک,1389,15,فعال,41.9,4391015,8613884,0,F00-بدون خطا,3,428,0.53,86.9,4.32,1307,35.65104,51.38706,,,,7.6
THR-R11-CB-00971,کلید قدرت,منطقه ۱۱ (انقلاب),R11,مپنا,1396,8,در تعمیر,60.3,134218614,176104809,40840679,F02-عایق,1,659,0.53,52.1,4.29,1681,35.68098,51.38338,,بازسازی,0.79,7.1
THR-R13-TR-00972,ترانسفورماتور توزیع,منطقه ۱۳ (پیروزی),R13,فولاد مبارکه,1390,14,فعال,64.7,232033407,407768974,0,F00-بدون خطا,1,126,0.79,50.9,5.48,1426,35.68747,51.49953,,,,6.7
THR-R19-CBM-00973,کابل فشار متوسط,منطقه ۱۹ (عبدالله‌آباد),R19,ایران ترانسفو,1398,6,بازسازی شده,85.1,21085545,27005548,0,F00-بدون خطا,0,706,0.67,49.6,0.88,807,35.62909,51.38468,,,,25.4
THR-R02-IN-00974,مقره,منطقه ۲ (سعادت‌آباد),R02,ایران ترانسفو,1397,7,فعال,59.8,6595111,8561191,0,F00-بدون خطا,0,410,0.67,85.0,3.07,1242,35.78267,51.35659,,,,12.7
THR-R07-TR-00975,ترانسفورماتور توزیع,منطقه ۷ (بهار/شریعتی),R07,مپنا,1399,5,بازگشتی,78.7,428343328,510829912,131476056,F01-حرارتی,1,26,0.47,79.8,3.18,783,35.7379,51.43457,2026-08-15,تعمیر,0.87,15.4
THR-R14-TR-00976,ترانسفورماتور توزیع,منطقه ۱۴ (نبرد),R14,پارس الکتریک,1381,23,فعال,34.1,141865627,526688992,0,F00-بدون خطا,3,85,0.74,67.0,3.03,1673,35.6867,51.46268,,,,0.5
THR-R07-TR-00977,ترانسفورماتور توزیع,منطقه ۷ (بهار/شریعتی),R07,مپنا,1384,20,فعال,22.5,161729434,472250347,0,F00-بدون خطا,1,603,0.56,55.4,1.17,1351,35.71788,51.44094,,,,1.2
THR-R19-TR-00978,ترانسفورماتور توزیع,منطقه ۱۹ (عبدالله‌آباد),R19,پارس سوئیچ,1400,4,بازگشتی,64.4,400125113,489596897,152821226,F02-عایق,0,471,0.63,73.6,3.62,342,35.62897,51.35853,2026-06-12,بازسازی,0.84,15.3
THR-R13-CB-00979,کلید قدرت,منطقه ۱۳ (پیروزی),R13,مپنا,1385,19,بازگشتی,37.5,80149224,196041650,18309390,F04-الکتریکی,3,55,0.56,68.9,1.78,453,35.67593,51.49943,2026-08-20,بازیافت,0.76,1.5
THR-R21-IN-00980,مقره,منطقه ۲۱ (تهرانسر),R21,مپنا,1392,12,فعال,63.1,4246387,7583111,0,F00-بدون خطا,3,194,0.53,49.1,4.39,1780,35.68526,51.26443,,,,9.9
THR-R08-TR-00981,ترانسفورماتور توزیع,منطقه ۸ (تهران‌نو),R08,پارس الکتریک,1397,7,در تعمیر,65.8,371483317,527357818,149433711,F04-الکتریکی,0,597,0.79,86.6,2.28,471,35.73613,51.49075,,بازسازی,0.88,10.8
THR-R13-RL-00982,رله حفاظتی,منطقه ۱۳ (پیروزی),R13,پارس الکتریک,1379,25,فعال,33.2,12596322,50041671,0,F00-بدون خطا,2,565,0.57,68.5,2.68,1275,35.71452,51.46469,,,,0.5
THR-R22-CBM-00983,کابل فشار متوسط,منطقه ۲۲ (چیتگر),R22,مپنا,1400,4,در تعمیر,75.9,25077218,28496839,8250984,F04-الکتریکی,1,139,0.55,67.0,2.61,1590,35.75365,51.19163,,تعمیر,0.91,22.9
THR-R03-RL-00984,رله حفاظتی,منطقه ۳ (ونک/الهیه),R03,پارس سوئیچ,1394,10,در تعمیر,67.2,37221020,53786226,4733193,F04-الکتریکی,1,273,0.64,85.4,0.87,929,35.76695,51.39765,,بازسازی,0.79,2.7
THR-R17-TR-00985,ترانسفورماتور توزیع,منطقه ۱۷ (آذری),R17,آریا رله,1378,26,فعال,24.7,185021942,522906862,0,F00-بدون خطا,3,423,0.89,80.9,1.04,876,35.6392,51.36908,,,,1.1
THR-R13-TR-00986,ترانسفورماتور توزیع,منطقه ۱۳ (پیروزی),R13,پارس الکتریک,1386,18,فعال,57.0,145767114,446869874,0,F00-بدون خطا,2,490,0.65,87.2,1.31,2065,35.69757,51.47421,,,,3.2
THR-R15-TR-00987,ترانسفورماتور توزیع,منطقه ۱۵ (خاوران),R15,آریا رله,1395,9,بازگشتی,59.8,361492460,489205203,151416853,F02-عایق,1,180,0.84,52.4,1.42,778,35.63302,51.45652,2026-06-10,بازسازی,0.92,7.5
THR-R01-CB-00988,کلید قدرت,منطقه ۱ (تجریش/نیاوران),R01,ایران ترانسفو,1383,21,فعال,24.7,62060493,195431027,0,F00-بدون خطا,1,702,0.45,60.7,4.66,125,35.78658,51.43532,,,,0.5
THR-R22-TR-00989,ترانسفورماتور توزیع,منطقه ۲۲ (چیتگر),R22,پارس الکتریک,1392,12,فعال,63.1,320759060,523004012,0,F00-بدون خطا,0,560,0.92,58.3,4.93,965,35.73295,51.17727,,,,8.0
THR-R15-RL-00990,رله حفاظتی,منطقه ۱۵ (خاوران),R15,فولاد مبارکه,1398,6,در تعمیر,76.8,40778931,52761490,9436789,F04-الکتریکی,1,68,0.48,76.4,3.83,99,35.66382,51.44906,,تعمیر,0.95,7.2
THR-R02-RL-00991,رله حفاظتی,منطقه ۲ (سعادت‌آباد),R02,پارس سوئیچ,1402,2,فعال,68.6,44022477,50025543,0,F00-بدون خطا,1,219,0.56,67.7,5.77,454,35.76454,51.38264,,,,8.3
THR-R01-TR-00992,ترانسفورماتور توزیع,منطقه ۱ (تجریش/نیاوران),R01,پارس الکتریک,1378,26,فعال,18.5,105665046,417015429,0,F00-بدون خطا,5,79,0.82,58.0,3.18,983,35.8141,51.41752,,,,1.8
THR-R04-RL-00993,رله حفاظتی,منطقه ۴ (تهرانپارس),R04,فولاد مبارکه,1399,5,فعال,81.9,33374136,42208350,0,F00-بدون خطا,0,539,0.65,67.5,6.09,521,35.74328,51.5021,,,,8.9
THR-R11-TR-00994,ترانسفورماتور توزیع,منطقه ۱۱ (انقلاب),R11,فولاد مبارکه,1398,6,فعال,74.6,335057258,483074428,0,F00-بدون خطا,1,138,0.84,65.4,1.21,1031,35.69946,51.38034,,,,17.8
THR-R07-TR-00995,ترانسفورماتور توزیع,منطقه ۷ (بهار/شریعتی),R07,ایران ترانسفو,1388,16,فعال,41.1,236561225,418549611,0,F00-بدون خطا,2,413,0.62,72.1,4.26,951,35.72669,51.45901,,,,5.1
THR-R15-TR-00996,ترانسفورماتور توزیع,منطقه ۱۵ (خاوران),R15,پارس سوئیچ,1399,5,در تعمیر,68.0,400979398,472935826,115210328,F01-حرارتی,0,435,0.69,80.6,5.23,1315,35.66488,51.45968,,بازسازی,0.81,13.3
THR-R20-CB-00997,کلید قدرت,منطقه ۲۰ (شهرری),R20,مپنا,1381,23,بازگشتی,42.2,62089688,175727762,26720314,F03-مکانیکی,0,347,0.71,50.0,5.05,1671,35.60967,51.42471,2026-07-01,بازیافت,0.84,0.5
THR-R05-TR-00998,ترانسفورماتور توزیع,منطقه ۵ (پونک/جنت‌آباد),R05,ایران ترانسفو,1398,6,در تعمیر,77.4,416113608,472856373,123607411,F06-پیری,1,358,0.54,86.9,1.67,152,35.74359,51.30894,,تعمیر,0.86,14.8
THR-R20-CBM-00999,کابل فشار متوسط,منطقه ۲۰ (شهرری),R20,پارس سوئیچ,1392,12,فعال,64.7,14513681,27076339,0,F00-بدون خطا,0,36,0.59,85.5,5.51,588,35.5727,51.45469,,,,14.1
THR-R10-TR-01000,ترانسفورماتور توزیع,منطقه ۱۰ (آزادی),R10,آریا رله,1391,13,در تعمیر,66.6,258729142,461465650,83142266,F01-حرارتی,1,525,0.6,79.2,5.59,1294,35.67437,51.35741,,بازسازی,0.87,8.3
THR-R07-TR-01001,ترانسفورماتور توزیع,منطقه ۷ (بهار/شریعتی),R07,فولاد مبارکه,1384,20,بازگشتی,50.4,153353606,418982836,64651192,F06-پیری,4,351,0.62,59.5,3.65,629,35.70264,51.41915,2026-08-21,بازسازی,0.92,2.0
THR-R11-CB-01002,کلید قدرت,منطقه ۱۱ (انقلاب),R11,ایران ترانسفو,1402,2,فعال,92.3,157927762,199462030,0,F00-بدون خطا,1,249,0.91,58.7,4.88,1436,35.70298,51.41765,,,,15.9
THR-R11-TR-01003,ترانسفورماتور توزیع,منطقه ۱۱ (انقلاب),R11,پارس الکتریک,1395,9,فعال,79.0,304902582,469257528,0,F00-بدون خطا,2,242,0.62,48.8,3.79,1642,35.71469,51.41145,,,,10.7
THR-R17-TR-01004,ترانسفورماتور توزیع,منطقه ۱۷ (آذری),R17,پارس سوئیچ,1392,12,بازگشتی,60.6,420004767,536494215,188213981,F04-الکتریکی,0,68,0.62,79.9,3.79,659,35.64309,51.35344,2026-08-30,بازسازی,0.84,8.7
THR-R05-TR-01005,ترانسفورماتور توزیع,منطقه ۵ (پونک/جنت‌آباد),R05,ایران ترانسفو,1396,8,بازگشتی,77.2,378904467,513800300,63502929,F02-عایق,2,451,0.62,58.1,4.76,1993,35.7707,51.31677,2026-08-17,تعمیر,0.9,12.9
THR-R06-RL-01006,رله حفاظتی,منطقه ۶ (یوسف‌آباد),R06,آریا رله,1385,19,فعال,44.4,15662766,41167540,0,F00-بدون خطا,2,605,0.89,73.1,2.63,1916,35.74744,51.3755,,,,0.5
THR-R21-TR-01007,ترانسفورماتور توزیع,منطقه ۲۱ (تهرانسر),R21,فولاد مبارکه,1393,11,فعال,54.6,303592328,487642439,0,F00-بدون خطا,1,186,0.47,49.5,0.95,2008,35.68333,51.25143,,,,5.7
THR-R15-TR-01008,ترانسفورماتور توزیع,منطقه ۱۵ (خاوران),R15,فولاد مبارکه,1397,7,در تعمیر,76.2,364278063,512500525,100330854,F04-الکتریکی,0,452,0.58,52.9,3.97,420,35.63765,51.46064,,تعمیر,0.93,15.1
THR-R10-CB-01009,کلید قدرت,منطقه ۱۰ (آزادی),R10,فولاد مبارکه,1382,22,بازگشتی,33.7,47006083,196935122,14002419,F03-مکانیکی,3,328,0.77,82.9,3.26,1937,35.69601,51.36221,2026-08-20,بازیافت,0.82,0.5
THR-R13-CB-01010,کلید قدرت,منطقه ۱۳ (پیروزی),R13,فولاد مبارکه,1393,11,فعال,70.1,138262820,193457907,0,F00-بدون خطا,2,215,0.46,77.9,5.13,713,35.67855,51.49961,,,,5.7
THR-R07-TR-01011,ترانسفورماتور توزیع,منطقه ۷ (بهار/شریعتی),R07,فولاد مبارکه,1394,10,در تعمیر,49.6,344232042,449635448,52500440,F04-الکتریکی,1,419,0.81,84.2,3.13,1608,35.72313,51.43895,,بازسازی,0.89,7.7
THR-R13-CB-01012,کلید قدرت,منطقه ۱۳ (پیروزی),R13,ایران ترانسفو,1398,6,امحا شده,68.6,137414585,185511027,0,F00-بدون خطا,1,142,0.72,78.0,3.71,1656,35.69509,51.48379,,,,9.0
THR-R19-TR-01013,ترانسفورماتور توزیع,منطقه ۱۹ (عبدالله‌آباد),R19,مپنا,1402,2,فعال,76.5,361933696,411288292,0,F00-بدون خطا,1,515,0.73,73.2,5.62,1588,35.63026,51.37751,,,,18.5
THR-R02-RL-01014,رله حفاظتی,منطقه ۲ (سعادت‌آباد),R02,آریا رله,1391,13,در تعمیر,56.8,28341847,52730350,12593610,F04-الکتریکی,0,661,0.84,64.4,6.45,195,35.80382,51.40009,,بازسازی,0.8,0.5
THR-R22-CB-01015,کلید قدرت,منطقه ۲۲ (چیتگر),R22,مپنا,1386,18,بازگشتی,67.9,72333520,190607845,17058076,F03-مکانیکی,1,607,0.74,64.4,2.25,741,35.71875,51.21978,2026-09-24,بازسازی,0.9,0.9
THR-R04-RL-01016,رله حفاظتی,منطقه ۴ (تهرانپارس),R04,مپنا,1398,6,بازگشتی,68.9,38480254,47894488,13061917,F04-الکتریکی,0,208,0.55,74.5,5.99,1812,35.71955,51.5187,2026-09-04,بازسازی,0.81,7.1
THR-R14-TR-01017,ترانسفورماتور توزیع,منطقه ۱۴ (نبرد),R14,آریا رله,1387,17,فعال,32.7,222747480,492580836,0,F00-بدون خطا,4,436,0.8,53.6,2.79,444,35.68856,51.47242,,,,2.7
THR-R04-CB-01018,کلید قدرت,منطقه ۴ (تهرانپارس),R04,پارس الکتریک,1402,2,در تعمیر,89.5,186709708,212170123,81171440,F03-مکانیکی,0,422,0.59,72.6,5.95,1341,35.72173,51.50364,,بازسازی,0.83,13.2
THR-R01-CBM-01019,کابل فشار متوسط,منطقه ۱ (تجریش/نیاوران),R01,فولاد مبارکه,1393,11,فعال,65.7,18921665,28786194,0,F00-بدون خطا,2,552,0.8,56.8,2.9,1787,35.80566,51.41962,,,,19.0
THR-R21-TR-01020,ترانسفورماتور توزیع,منطقه ۲۱ (تهرانسر),R21,پارس الکتریک,1391,13,فعال,64.2,281654156,464932569,0,F00-بدون خطا,1,152,0.57,70.9,5.9,891,35.71275,51.26254,,,,7.6
THR-R16-TR-01021,ترانسفورماتور توزیع,منطقه ۱۶ (علی‌آباد),R16,پارس سوئیچ,1381,23,فعال,42.1,131971549,433951860,0,F00-بدون خطا,1,75,0.84,81.8,4.04,828,35.61871,51.41957,,,,1.4
THR-R07-TR-01022,ترانسفورماتور توزیع,منطقه ۷ (بهار/شریعتی),R07,ایران ترانسفو,1391,13,فعال,62.2,286001408,463335818,0,F00-بدون خطا,1,315,0.72,66.8,1.07,431,35.72194,51.43731,,,,7.3
THR-R13-TR-01023,ترانسفورماتور توزیع,منطقه ۱۳ (پیروزی),R13,فولاد مبارکه,1380,24,فعال,33.4,159073734,484507392,0,F00-بدون خطا,3,703,0.5,84.4,2.03,492,35.68196,51.45517,,,,1.3
THR-R01-TR-01024,ترانسفورماتور توزیع,منطقه ۱ (تجریش/نیاوران),R01,پارس سوئیچ,1402,2,بازیافت شده,75.7,352569574,406887531,0,F00-بدون خطا,0,549,0.74,55.5,2.43,109,35.81799,51.45295,,,,16.8
THR-R13-CB-01025,کلید قدرت,منطقه ۱۳ (پیروزی),R13,آریا رله,1402,2,فعال,79.7,154314137,175356974,0,F00-بدون خطا,1,633,0.48,79.9,2.19,1839,35.71158,51.47697,,,,13.9
THR-R11-TR-01026,ترانسفورماتور توزیع,منطقه ۱۱ (انقلاب),R11,پارس الکتریک,1388,16,امحا شده,36.7,260344305,533938305,0,F00-بدون خطا,2,423,0.83,86.7,3.52,1630,35.67465,51.41914,,,,3.5
THR-R20-TR-01027,ترانسفورماتور توزیع,منطقه ۲۰ (شهرری),R20,فولاد مبارکه,1389,15,بازسازی شده,50.1,257921315,429889712,0,F00-بدون خطا,0,426,0.7,74.5,1.46,648,35.58715,51.42329,,,,7.1
THR-R01-CB-01028,کلید قدرت,منطقه ۱ (تجریش/نیاوران),R01,فولاد مبارکه,1394,10,فعال,74.0,123879666,212769507,0,F00-بدون خطا,1,648,0.47,59.4,1.91,2026,35.8175,51.45783,,,,7.9
THR-R17-TR-01029,ترانسفورماتور توزیع,منطقه ۱۷ (آذری),R17,پارس الکتریک,1384,20,فعال,31.2,202090599,473715465,0,F00-بدون خطا,0,383,0.66,55.1,4.41,267,35.67939,51.36969,,,,0.5
THR-R11-RL-01030,رله حفاظتی,منطقه ۱۱ (انقلاب),R11,ایران ترانسفو,1385,19,بازگشتی,28.4,23705014,50713460,8054601,F06-پیری,4,371,0.68,57.0,1.91,1832,35.68321,51.3855,2026-05-29,بازیافت,0.86,0.5
THR-R16-CBM-01031,کابل فشار متوسط,منطقه ۱۶ (علی‌آباد),R16,مپنا,1400,4,بازیافت شده,74.4,19595234,24217403,0,F00-بدون خطا,1,214,0.86,66.0,0.89,666,35.64133,51.39758,,,,24.3
THR-R17-IN-01032,مقره,منطقه ۱۷ (آذری),R17,ایران ترانسفو,1400,4,فعال,78.3,7513998,8538635,0,F00-بدون خطا,1,323,0.75,55.3,5.08,1992,35.66757,51.3427,,,,18.8
THR-R06-IN-01033,مقره,منطقه ۶ (یوسف‌آباد),R06,پارس سوئیچ,1381,23,فعال,46.8,1883192,7314877,0,F00-بدون خطا,1,189,0.75,71.5,2.82,446,35.72539,51.41025,,,,4.1
THR-R04-TR-01034,ترانسفورماتور توزیع,منطقه ۴ (تهرانپارس),R04,آریا رله,1400,4,فعال,68.5,412528498,468782385,0,F00-بدون خطا,1,240,0.55,56.6,0.83,1135,35.74992,51.51668,,,,13.8
THR-R22-CB-01035,کلید قدرت,منطقه ۲۲ (چیتگر),R22,ایران ترانسفو,1399,5,فعال,82.9,157370196,204884786,0,F00-بدون خطا,1,355,0.78,76.9,1.28,996,35.72512,51.22295,,,,13.5
THR-R19-RL-01036,رله حفاظتی,منطقه ۱۹ (عبدالله‌آباد),R19,پارس الکتریک,1397,7,فعال,67.3,36173978,51119808,0,F00-بدون خطا,1,405,0.51,54.9,2.74,1869,35.61195,51.37597,,,,6.9
THR-R08-TR-01037,ترانسفورماتور توزیع,منطقه ۸ (تهران‌نو),R08,آریا رله,1381,23,فعال,25.7,128666152,508092349,0,F00-بدون خطا,0,621,0.63,79.1,4.2,850,35.70985,51.49256,,,,0.5
THR-R04-CB-01038,کلید قدرت,منطقه ۴ (تهرانپارس),R04,پارس الکتریک,1382,22,بازسازی شده,28.8,66896525,168370865,0,F00-بدون خطا,4,16,0.72,83.6,4.79,1353,35.75666,51.53028,,,,0.5
THR-R02-CB-01039,کلید قدرت,منطقه ۲ (سعادت‌آباد),R02,آریا رله,1384,20,بازسازی شده,34.4,60735140,188678314,0,F00-بدون خطا,2,710,0.69,49.0,6.07,597,35.75776,51.40273,,,,0.5
THR-R17-RL-01040,رله حفاظتی,منطقه ۱۷ (آذری),R17,مپنا,1396,8,فعال,56.3,31824009,43590721,0,F00-بدون خطا,0,486,0.57,68.3,6.31,1374,35.64108,51.35317,,,,5.4
THR-R05-IN-01041,مقره,منطقه ۵ (پونک/جنت‌آباد),R05,پارس سوئیچ,1387,17,بازسازی شده,50.8,4232648,8762109,0,F00-بدون خطا,3,630,0.59,53.2,5.68,1240,35.75876,51.33773,,,,7.9
THR-R05-RL-01042,رله حفاظتی,منطقه ۵ (پونک/جنت‌آباد),R05,مپنا,1400,4,فعال,72.9,46781386,53160667,0,F00-بدون خطا,1,720,0.63,73.0,5.32,585,35.73768,51.32005,,,,8.3
THR-R09-CBM-01043,کابل فشار متوسط,منطقه ۹ (مهرآباد),R09,پارس الکتریک,1400,4,بازگشتی,80.2,20914090,27815464,3521832,F04-الکتریکی,1,400,0.69,51.4,6.33,320,35.7057,51.32531,2026-06-14,تعمیر,0.85,24.7
THR-R11-TR-01044,ترانسفورماتور توزیع,منطقه ۱۱ (انقلاب),R11,پارس سوئیچ,1400,4,فعال,79.8,300156397,413888692,0,F00-بدون خطا,0,514,0.58,84.4,2.53,1684,35.69611,51.40426,,,,17.3
THR-R10-CBM-01045,کابل فشار متوسط,منطقه ۱۰ (آزادی),R10,مپنا,1399,5,بازیافت شده,89.4,16344308,23251739,0,F00-بدون خطا,0,416,0.73,68.5,4.76,1462,35.71161,51.35373,,,,26.6
THR-R14-RL-01046,رله حفاظتی,منطقه ۱۴ (نبرد),R14,آریا رله,1389,15,در تعمیر,41.7,27079106,51559612,4028334,F01-حرارتی,2,214,0.62,72.5,1.67,1692,35.68777,51.43959,,بازیافت,0.87,0.5
THR-R04-TR-01047,ترانسفورماتور توزیع,منطقه ۴ (تهرانپارس),R04,فولاد مبارکه,1402,2,در تعمیر,80.7,406071517,474441738,134796823,F06-پیری,1,685,0.64,81.7,2.11,750,35.75449,51.52781,,تعمیر,0.9,16.9
THR-R19-TR-01048,ترانسفورماتور توزیع,منطقه ۱۹ (عبدالله‌آباد),R19,پارس سوئیچ,1400,4,فعال,90.6,442271207,520971254,0,F00-بدون خطا,0,215,0.68,72.4,2.37,117,35.59884,51.34032,,,,18.8
THR-R12-RL-01049,رله حفاظتی,منطقه ۱۲ (بازار),R12,فولاد مبارکه,1396,8,فعال,73.7,36142612,44885125,0,F00-بدون خطا,1,710,0.65,71.1,5.78,769,35.65127,51.43251,,,,5.8
THR-R02-TR-01050,ترانسفورماتور توزیع,منطقه ۲ (سعادت‌آباد),R02,مپنا,1393,11,فعال,61.2,270760176,433200000,0,F00-بدون خطا,0,680,0.54,84.2,1.93,1466,35.79376,51.37665,,,,9.7
THR-R19-TR-01051,ترانسفورماتور توزیع,منطقه ۱۹ (عبدالله‌آباد),R19,ایران ترانسفو,1382,22,بازگشتی,44.9,174918321,446990630,41141481,F02-عایق,0,261,0.49,83.0,5.69,1704,35.61197,51.36901,2026-07-25,بازیافت,0.76,2.0
THR-R10-RL-01052,رله حفاظتی,منطقه ۱۰ (آزادی),R10,پارس الکتریک,1383,21,بازگشتی,30.0,21265937,48020390,9081920,F06-پیری,5,106,0.62,83.7,1.75,1979,35.68075,51.36118,2026-06-07,بازیافت,0.81,0.5
THR-R21-TR-01053,ترانسفورماتور توزیع,منطقه ۲۱ (تهرانسر),R21,ایران ترانسفو,1398,6,بازگشتی,71.4,358342685,493761721,68107661,F01-حرارتی,0,99,0.66,85.5,5.0,579,35.69454,51.27233,2026-07-25,تعمیر,0.93,14.5
THR-R21-RL-01054,رله حفاظتی,منطقه ۲۱ (تهرانسر),R21,پارس الکتریک,1394,10,فعال,48.6,39147292,49850281,0,F00-بدون خطا,1,111,0.62,60.0,2.02,821,35.70461,51.26893,,,,0.8
THR-R13-CB-01055,کلید قدرت,منطقه ۱۳ (پیروزی),R13,ایران ترانسفو,1398,6,بازگشتی,72.5,162469546,197668750,55446211,F05-رطوبت,0,348,0.78,58.3,4.02,340,35.71746,51.47901,2026-06-26,تعمیر,0.95,9.7
THR-R18-TR-01056,ترانسفورماتور توزیع,منطقه ۱۸ (یافت‌آباد),R18,مپنا,1400,4,فعال,77.8,379027595,484817792,0,F00-بدون خطا,0,613,0.9,73.7,5.8,588,35.63074,51.27762,,,,16.5
THR-R07-CBM-01057,کابل فشار متوسط,منطقه ۷ (بهار/شریعتی),R07,مپنا,1381,23,فعال,27.7,9879618,26345160,0,F00-بدون خطا,0,472,0.88,74.8,6.11,1367,35.72879,51.46301,,,,4.0
THR-R04-TR-01058,ترانسفورماتور توزیع,منطقه ۴ (تهرانپارس),R04,مپنا,1396,8,فعال,65.3,376165682,499875688,0,F00-بدون خطا,0,277,0.68,66.4,4.03,223,35.7171,51.54034,,,,11.0
THR-R03-CBM-01059,کابل فشار متوسط,منطقه ۳ (ونک/الهیه),R03,پارس الکتریک,1394,10,فعال,63.2,17555478,28733454,0,F00-بدون خطا,1,15,0.89,72.3,2.25,1097,35.73277,51.39865,,,,16.8
THR-R10-TR-01060,ترانسفورماتور توزیع,منطقه ۱۰ (آزادی),R10,مپنا,1394,10,بازیافت شده,66.2,401159706,529782707,0,F00-بدون خطا,2,470,0.79,49.6,3.0,652,35.70062,51.35342,,,,10.7
THR-R19-CB-01061,کلید قدرت,منطقه ۱۹ (عبدالله‌آباد),R19,مپنا,1388,16,بازگشتی,39.1,79269493,163246615,13318641,F05-رطوبت,4,229,0.79,78.2,1.31,485,35.62773,51.37511,2026-07-03,بازیافت,0.75,2.3
THR-R02-TR-01062,ترانسفورماتور توزیع,منطقه ۲ (سعادت‌آباد),R02,مپنا,1384,20,فعال,44.2,165390935,409509405,0,F00-بدون خطا,1,580,0.61,68.4,3.83,964,35.75955,51.35746,,,,2.6
THR-R19-TR-01063,ترانسفورماتور توزیع,منطقه ۱۹ (عبدالله‌آباد),R19,آریا رله,1382,22,در تعمیر,36.1,146572793,454715476,19992244,F01-حرارتی,4,281,0.84,87.8,2.68,1643,35.61001,51.36156,,بازیافت,0.74,0.5
THR-R21-CBM-01064,کابل فشار متوسط,منطقه ۲۱ (تهرانسر),R21,پارس الکتریک,1390,14,فعال,47.5,17622792,27888311,0,F00-بدون خطا,3,161,0.71,66.0,4.49,914,35.6946,51.27025,,,,8.2
THR-R03-CB-01065,کلید قدرت,منطقه ۳ (ونک/الهیه),R03,مپنا,1386,18,امحا شده,46.4,81031829,187409412,0,F00-بدون خطا,2,688,0.91,58.9,5.79,2174,35.74773,51.42001,,,,1.6
THR-R20-TR-01066,ترانسفورماتور توزیع,منطقه ۲۰ (شهرری),R20,ایران ترانسفو,1382,22,فعال,39.0,151834521,504106813,0,F00-بدون خطا,3,633,0.7,59.7,4.54,1093,35.5702,51.45447,,,,2.7
THR-R03-TR-01067,ترانسفورماتور توزیع,منطقه ۳ (ونک/الهیه),R03,آریا رله,1395,9,فعال,50.6,297396053,409103650,0,F00-بدون خطا,0,670,0.66,77.8,1.97,444,35.75368,51.41348,,,,10.1
THR-R12-CBM-01068,کابل فشار متوسط,منطقه ۱۲ (بازار),R12,ایران ترانسفو,1402,2,فعال,82.3,19919841,22636184,0,F00-بدون خطا,1,115,0.64,65.9,5.65,1624,35.68612,51.43678,,,,25.5
THR-R08-TR-01069,ترانسفورماتور توزیع,منطقه ۸ (تهران‌نو),R08,پارس الکتریک,1381,23,در تعمیر,33.8,158761630,448736774,57852128,F02-عایق,4,328,0.91,78.7,6.17,2085,35.73316,51.48311,,بازیافت,0.84,1.4
THR-R04-CB-01070,کلید قدرت,منطقه ۴ (تهرانپارس),R04,مپنا,1400,4,بازگشتی,71.2,142210243,163091746,51405249,F05-رطوبت,1,116,0.85,48.9,4.27,276,35.73846,51.51234,2026-09-04,بازسازی,0.91,10.5
THR-R11-CBM-01071,کابل فشار متوسط,منطقه ۱۱ (انقلاب),R11,مپنا,1390,14,فعال,40.3,13427974,28740305,0,F00-بدون خطا,3,145,0.77,58.1,2.65,1141,35.68049,51.42215,,,,9.1
THR-R01-RL-01072,رله حفاظتی,منطقه ۱ (تجریش/نیاوران),R01,فولاد مبارکه,1400,4,فعال,68.4,38778068,44942794,0,F00-بدون خطا,0,596,0.55,67.4,1.29,1175,35.8061,51.41228,,,,8.3
THR-R02-CBM-01073,کابل فشار متوسط,منطقه ۲ (سعادت‌آباد),R02,پارس الکتریک,1398,6,امحا شده,76.3,24264153,29577252,0,F00-بدون خطا,1,483,0.91,73.7,0.98,829,35.78967,51.40202,,,,24.7
THR-R15-CBM-01074,کابل فشار متوسط,منطقه ۱۵ (خاوران),R15,مپنا,1392,12,فعال,66.1,18168386,28466851,0,F00-بدون خطا,3,249,0.92,51.6,4.6,1330,35.64419,51.46857,,,,15.5
THR-R21-IN-01075,مقره,منطقه ۲۱ (تهرانسر),R21,پارس الکتریک,1387,17,فعال,53.4,3512584,8658296,0,F00-بدون خطا,0,96,0.57,81.4,2.66,394,35.68267,51.23534,,,,5.8
THR-R08-CBM-01076,کابل فشار متوسط,منطقه ۸ (تهران‌نو),R08,مپنا,1383,21,بازگشتی,46.4,9616709,24203618,2502896,F06-پیری,2,519,0.88,79.1,2.1,123,35.73532,51.51277,2026-08-02,بازسازی,0.92,6.5
THR-R22-CB-01077,کلید قدرت,منطقه ۲۲ (چیتگر),R22,فولاد مبارکه,1401,3,فعال,72.1,144476074,169643637,0,F00-بدون خطا,0,29,0.76,65.2,3.32,858,35.75052,51.20806,,,,11.8
THR-R01-RL-01078,رله حفاظتی,منطقه ۱ (تجریش/نیاوران),R01,مپنا,1400,4,بازگشتی,61.1,42209343,50825446,18971558,F02-عایق,0,474,0.89,58.7,3.31,770,35.80007,51.43038,2026-07-01,بازسازی,0.89,5.9
THR-R17-CBM-01079,کابل فشار متوسط,منطقه ۱۷ (آذری),R17,آریا رله,1383,21,فعال,44.7,9928874,23329397,0,F00-بدون خطا,4,67,0.86,66.5,2.39,1811,35.66639,51.34434,,,,10.0
THR-R16-TR-01080,ترانسفورماتور توزیع,منطقه ۱۶ (علی‌آباد),R16,مپنا,1389,15,امحا شده,59.3,236802481,428086465,0,F00-بدون خطا,1,135,0.81,67.0,2.8,1268,35.63629,51.38436,,,,5.5
THR-R10-CB-01081,کلید قدرت,منطقه ۱۰ (آزادی),R10,آریا رله,1386,18,فعال,49.0,81876430,191903793,0,F00-بدون خطا,1,673,0.9,49.0,2.95,2191,35.70089,51.37985,,,,0.6
THR-R02-CBM-01082,کابل فشار متوسط,منطقه ۲ (سعادت‌آباد),R02,ایران ترانسفو,1397,7,بازسازی شده,78.7,18138267,24548110,0,F00-بدون خطا,1,645,0.66,77.1,5.9,1965,35.77013,51.38562,,,,22.7
THR-R11-TR-01083,ترانسفورماتور توزیع,منطقه ۱۱ (انقلاب),R11,آریا رله,1381,23,فعال,28.2,179006086,530912056,0,F00-بدون خطا,3,24,0.5,53.6,2.51,495,35.67822,51.38249,,,,0.7
THR-R14-CB-01084,کلید قدرت,منطقه ۱۴ (نبرد),R14,فولاد مبارکه,1380,24,بازگشتی,27.8,64862101,206104245,25561237,F04-الکتریکی,0,22,0.45,83.2,1.94,717,35.65812,51.44727,2026-06-19,امحا,0.94,0.5
THR-R22-TR-01085,ترانسفورماتور توزیع,منطقه ۲۲ (چیتگر),R22,فولاد مبارکه,1393,11,فعال,57.7,308243637,464447489,0,F00-بدون خطا,1,201,0.79,49.7,0.86,1183,35.75036,51.20438,,,,8.7
THR-R04-CBM-01086,کابل فشار متوسط,منطقه ۴ (تهرانپارس),R04,آریا رله,1399,5,بازسازی شده,59.4,20766184,27482582,0,F00-بدون خطا,0,459,0.54,69.9,1.46,103,35.7257,51.51664,,,,17.7
THR-R12-IN-01087,مقره,منطقه ۱۲ (بازار),R12,ایران ترانسفو,1400,4,فعال,73.7,6317059,7459584,0,F00-بدون خطا,1,151,0.66,62.2,6.2,1696,35.67544,51.41824,,,,19.7
THR-R14-RL-01088,رله حفاظتی,منطقه ۱۴ (نبرد),R14,پارس الکتریک,1379,25,فعال,43.3,13994981,43630665,0,F00-بدون خطا,3,287,0.6,65.7,1.45,566,35.64733,51.48226,,,,0.5
THR-R14-CB-01089,کلید قدرت,منطقه ۱۴ (نبرد),R14,مپنا,1393,11,در تعمیر,60.3,136678928,209874462,52309506,F03-مکانیکی,1,413,0.64,63.9,1.77,618,35.65323,51.46329,,بازسازی,0.91,4.3
THR-R04-CBM-01090,کابل فشار متوسط,منطقه ۴ (تهرانپارس),R04,ایران ترانسفو,1378,26,فعال,23.0,6801519,25223465,0,F00-بدون خطا,4,715,0.52,55.1,5.72,1048,35.76258,51.54232,,,,1.7
THR-R02-RL-01091,رله حفاظتی,منطقه ۲ (سعادت‌آباد),R02,فولاد مبارکه,1388,16,فعال,59.7,21785321,51290090,0,F00-بدون خطا,3,311,0.73,78.8,3.24,1235,35.76167,51.36053,,,,0.5
THR-R16-TR-01092,ترانسفورماتور توزیع,منطقه ۱۶ (علی‌آباد),R16,پارس سوئیچ,1391,13,فعال,59.5,242209256,437952767,0,F00-بدون خطا,1,302,0.91,62.0,6.05,551,35.65145,51.39598,,,,8.7
THR-R09-CBM-01093,کابل فشار متوسط,منطقه ۹ (مهرآباد),R09,پارس الکتریک,1385,19,بازگشتی,36.6,14292738,29381435,4031191,F02-عایق,3,120,0.81,72.2,4.73,2137,35.70222,51.31835,2026-07-09,بازیافت,0.8,5.0
THR-R06-TR-01094,ترانسفورماتور توزیع,منطقه ۶ (یوسف‌آباد),R06,پارس سوئیچ,1396,8,بازگشتی,63.3,295203179,410993360,122306122,F02-عایق,0,425,0.53,74.1,4.29,237,35.75449,51.39534,2026-08-21,بازسازی,0.78,8.6
THR-R07-CBM-01095,کابل فشار متوسط,منطقه ۷ (بهار/شریعتی),R07,ایران ترانسفو,1391,13,فعال,52.2,17671919,28227239,0,F00-بدون خطا,0,404,0.66,83.2,3.2,1748,35.7294,51.43114,,,,10.1
THR-R17-TR-01096,ترانسفورماتور توزیع,منطقه ۱۷ (آذری),R17,فولاد مبارکه,1398,6,امحا شده,73.6,343540950,430903356,0,F00-بدون خطا,1,505,0.64,52.8,3.18,331,35.66406,51.3603,,,,15.4
THR-R17-TR-01097,ترانسفورماتور توزیع,منطقه ۱۷ (آذری),R17,آریا رله,1379,25,فعال,15.9,113018318,529948483,0,F00-بدون خطا,2,374,0.57,85.7,3.82,1792,35.65379,51.37289,,,,2.2
THR-R08-TR-01098,ترانسفورماتور توزیع,منطقه ۸ (تهران‌نو),R08,پارس الکتریک,1379,25,فعال,37.7,95497436,418528532,0,F00-بدون خطا,0,344,0.67,55.7,4.38,948,35.73869,51.47539,,,,1.3
THR-R10-CB-01099,کلید قدرت,منطقه ۱۰ (آزادی),R10,فولاد مبارکه,1397,7,فعال,70.1,159507787,206144905,0,F00-بدون خطا,1,387,0.71,57.0,3.33,1449,35.69039,51.35979,,,,8.3
THR-R10-TR-01100,ترانسفورماتور توزیع,منطقه ۱۰ (آزادی),R10,آریا رله,1399,5,فعال,82.2,459647178,525963829,0,F00-بدون خطا,1,385,0.86,55.0,4.34,1602,35.68573,51.33589,,,,16.4
THR-R08-RL-01101,رله حفاظتی,منطقه ۸ (تهران‌نو),R08,پارس الکتریک,1384,20,بازگشتی,45.4,20084306,53810464,3138166,F01-حرارتی,1,631,0.61,74.9,0.98,572,35.72618,51.49036,2026-09-20,بازسازی,0.87,0.5
THR-R19-CBM-01102,کابل فشار متوسط,منطقه ۱۹ (عبدالله‌آباد),R19,ایران ترانسفو,1398,6,در تعمیر,71.5,19323181,24092779,8284457,F06-پیری,1,91,0.65,76.1,1.84,1484,35.59793,51.34577,,بازسازی,0.93,19.8
THR-R10-RL-01103,رله حفاظتی,منطقه ۱۰ (آزادی),R10,پارس سوئیچ,1402,2,فعال,92.7,39375981,44745434,0,F00-بدون خطا,0,211,0.72,54.6,3.1,1792,35.70644,51.36517,,,,13.4
THR-R18-RL-01104,رله حفاظتی,منطقه ۱۸ (یافت‌آباد),R18,فولاد مبارکه,1402,2,بازسازی شده,61.1,42687341,50774992,0,F00-بدون خطا,1,659,0.59,64.6,5.29,560,35.63913,51.32202,,,,5.9
THR-R14-TR-01105,ترانسفورماتور توزیع,منطقه ۱۴ (نبرد),R14,پارس الکتریک,1391,13,بازگشتی,77.0,282606897,412200922,74465752,F02-عایق,2,147,0.61,69.7,5.59,1266,35.65854,51.48497,2026-09-20,تعمیر,0.92,10.1
THR-R19-TR-01106,ترانسفورماتور توزیع,منطقه ۱۹ (عبدالله‌آباد),R19,پارس الکتریک,1400,4,فعال,67.8,318215112,410676047,0,F00-بدون خطا,1,560,0.63,77.6,4.38,2183,35.62491,51.37774,,,,12.8
THR-R03-TR-01107,ترانسفورماتور توزیع,منطقه ۳ (ونک/الهیه),R03,مپنا,1402,2,فعال,66.9,439085487,500758720,0,F00-بدون خطا,1,293,0.81,52.4,5.58,927,35.77473,51.41929,,,,15.5
THR-R06-TR-01108,ترانسفورماتور توزیع,منطقه ۶ (یوسف‌آباد),R06,فولاد مبارکه,1396,8,فعال,65.4,438779286,536139249,0,F00-بدون خطا,2,530,0.51,63.7,5.65,1140,35.70918,51.42006,,,,11.8
THR-R10-IN-01109,مقره,منطقه ۱۰ (آزادی),R10,ایران ترانسفو,1387,17,بازگشتی,52.4,4481536,8625851,1680275,F02-عایق,1,561,0.65,68.4,6.19,1055,35.70664,51.34108,2026-08-19,بازسازی,0.85,6.7
THR-R02-CB-01110,کلید قدرت,منطقه ۲ (سعادت‌آباد),R02,پارس الکتریک,1386,18,بازیافت شده,55.2,81793522,171735667,0,F00-بدون خطا,0,269,0.77,72.3,4.02,940,35.79121,51.39561,,,,1.2
THR-R18-TR-01111,ترانسفورماتور توزیع,منطقه ۱۸ (یافت‌آباد),R18,ایران ترانسفو,1398,6,فعال,71.4,335392819,421508977,0,F00-بدون خطا,1,577,0.65,80.3,2.3,1161,35.65743,51.2957,,,,14.2
THR-R05-TR-01112,ترانسفورماتور توزیع,منطقه ۵ (پونک/جنت‌آباد),R05,آریا رله,1397,7,فعال,70.3,315538296,418530814,0,F00-بدون خطا,0,239,0.66,51.5,2.43,1225,35.77272,51.3088,,,,12.4
THR-R06-TR-01113,ترانسفورماتور توزیع,منطقه ۶ (یوسف‌آباد),R06,پارس الکتریک,1378,26,بازگشتی,29.3,119568089,492366540,53838318,F06-پیری,5,406,0.79,73.6,4.58,1134,35.73899,51.41555,2026-06-06,بازیافت,0.88,0.5
THR-R21-CB-01114,کلید قدرت,منطقه ۲۱ (تهرانسر),R21,آریا رله,1395,9,فعال,56.4,137110403,204359843,0,F00-بدون خطا,0,290,0.87,61.4,2.48,915,35.70894,51.24864,,,,6.1
THR-R19-CB-01115,کلید قدرت,منطقه ۱۹ (عبدالله‌آباد),R19,پارس الکتریک,1402,2,فعال,77.0,167031839,189808909,0,F00-بدون خطا,0,459,0.84,86.0,5.39,1589,35.60154,51.34575,,,,12.5
THR-R05-CBM-01116,کابل فشار متوسط,منطقه ۵ (پونک/جنت‌آباد),R05,پارس سوئیچ,1380,24,فعال,41.1,8568312,25135812,0,F00-بدون خطا,1,208,0.63,84.1,2.16,2089,35.74336,51.29667,,,,3.9
THR-R06-CB-01117,کلید قدرت,منطقه ۶ (یوسف‌آباد),R06,فولاد مبارکه,1378,26,فعال,29.0,46267275,211561337,0,F00-بدون خطا,6,718,0.47,52.6,1.21,849,35.71198,51.40259,,,,0.5
THR-R03-TR-01118,ترانسفورماتور توزیع,منطقه ۳ (ونک/الهیه),R03,پارس الکتریک,1391,13,فعال,50.7,262443363,451290432,0,F00-بدون خطا,0,554,0.88,76.6,5.84,642,35.75292,51.43145,,,,8.0
THR-R01-CB-01119,کلید قدرت,منطقه ۱ (تجریش/نیاوران),R01,پارس الکتریک,1390,14,فعال,50.5,93962579,195140457,0,F00-بدون خطا,0,59,0.84,65.4,4.95,621,35.81058,51.43328,,,,3.2
THR-R08-RL-01120,رله حفاظتی,منطقه ۸ (تهران‌نو),R08,ایران ترانسفو,1386,18,فعال,49.9,19074784,45257818,0,F00-بدون خطا,0,570,0.83,62.4,4.11,1466,35.72515,51.47583,,,,0.5
THR-R03-TR-01121,ترانسفورماتور توزیع,منطقه ۳ (ونک/الهیه),R03,آریا رله,1393,11,در تعمیر,57.9,366011243,533288346,175520696,F02-عایق,1,505,0.62,71.0,5.55,712,35.75059,51.39994,,بازسازی,0.9,9.6
THR-R08-TR-01122,ترانسفورماتور توزیع,منطقه ۸ (تهران‌نو),R08,ایران ترانسفو,1400,4,فعال,83.9,346102343,436451248,0,F00-بدون خطا,0,120,0.55,60.4,4.32,1295,35.75027,51.47684,,,,17.1
THR-R04-CB-01123,کلید قدرت,منطقه ۴ (تهرانپارس),R04,پارس سوئیچ,1391,13,فعال,45.7,101674507,170869017,0,F00-بدون خطا,0,452,0.79,61.2,4.52,1658,35.72684,51.52013,,,,2.4
THR-R05-TR-01124,ترانسفورماتور توزیع,منطقه ۵ (پونک/جنت‌آباد),R05,فولاد مبارکه,1387,17,فعال,42.8,255037596,509240588,0,F00-بدون خطا,0,188,0.61,66.6,6.08,531,35.7814,51.30806,,,,1.4
THR-R08-TR-01125,ترانسفورماتور توزیع,منطقه ۸ (تهران‌نو),R08,آریا رله,1387,17,فعال,46.2,175584730,419393601,0,F00-بدون خطا,0,101,0.92,63.0,4.21,257,35.72228,51.48242,,,,4.3
THR-R20-TR-01126,ترانسفورماتور توزیع,منطقه ۲۰ (شهرری),R20,پارس سوئیچ,1391,13,بازگشتی,58.9,236183934,432829731,62586688,F06-پیری,3,698,0.6,52.8,5.73,1315,35.5688,51.44977,2026-07-08,بازسازی,0.82,9.1
THR-R10-TR-01127,ترانسفورماتور توزیع,منطقه ۱۰ (آزادی),R10,آریا رله,1381,23,فعال,52.8,141392455,481873412,0,F00-بدون خطا,5,286,0.5,76.4,1.99,392,35.68552,51.34463,,,,0.5
THR-R01-IN-01128,مقره,منطقه ۱ (تجریش/نیاوران),R01,فولاد مبارکه,1382,22,در تعمیر,41.8,2662794,8278443,998783,F03-مکانیکی,1,472,0.59,60.9,3.3,2039,35.81057,51.44142,,بازیافت,0.85,1.0
THR-R03-TR-01129,ترانسفورماتور توزیع,منطقه ۳ (ونک/الهیه),R03,ایران ترانسفو,1391,13,بازیافت شده,51.3,245839728,405755211,0,F00-بدون خطا,1,345,0.85,77.5,2.03,602,35.73414,51.3972,,,,6.3
THR-R06-RL-01130,رله حفاظتی,منطقه ۶ (یوسف‌آباد),R06,پارس الکتریک,1389,15,فعال,39.4,27770421,51437778,0,F00-بدون خطا,3,438,0.69,75.8,1.44,1445,35.74696,51.42049,,,,0.5
THR-R05-IN-01131,مقره,منطقه ۵ (پونک/جنت‌آباد),R05,مپنا,1398,6,بازیافت شده,53.9,6608288,8236120,0,F00-بدون خطا,1,524,0.55,87.5,2.54,2097,35.7667,51.30785,,,,12.6
THR-R18-CB-01132,کلید قدرت,منطقه ۱۸ (یافت‌آباد),R18,مپنا,1385,19,فعال,35.7,88435940,208329702,0,F00-بدون خطا,4,239,0.71,76.6,4.95,437,35.6489,51.2898,,,,0.5
THR-R08-TR-01133,ترانسفورماتور توزیع,منطقه ۸ (تهران‌نو),R08,مپنا,1384,20,امحا شده,52.6,213500889,522464236,0,F00-بدون خطا,2,500,0.45,87.7,1.84,627,35.73395,51.49649,,,,4.0
THR-R04-TR-01134,ترانسفورماتور توزیع,منطقه ۴ (تهرانپارس),R04,فولاد مبارکه,1389,15,فعال,57.4,254221376,435380453,0,F00-بدون خطا,2,162,0.64,55.1,2.87,1804,35.73884,51.50163,,,,5.6
THR-R08-TR-01135,ترانسفورماتور توزیع,منطقه ۸ (تهران‌نو),R08,پارس الکتریک,1385,19,فعال,41.5,173980294,437472236,0,F00-بدون خطا,0,161,0.6,84.9,4.54,1626,35.73078,51.50349,,,,3.3
THR-R01-RL-01136,رله حفاظتی,منطقه ۱ (تجریش/نیاوران),R01,فولاد مبارکه,1391,13,فعال,54.5,33839006,51541847,0,F00-بدون خطا,0,623,0.89,54.6,1.04,727,35.79392,51.42619,,,,0.7
THR-R01-TR-01137,ترانسفورماتور توزیع,منطقه ۱ (تجریش/نیاوران),R01,مپنا,1382,22,فعال,52.9,164661037,509175194,0,F00-بدون خطا,0,441,0.82,51.7,1.78,693,35.82538,51.43586,,,,1.8
THR-R06-CB-01138,کلید قدرت,منطقه ۶ (یوسف‌آباد),R06,پارس الکتریک,1382,22,در تعمیر,28.8,70427126,209883657,25455095,F04-الکتریکی,3,360,0.83,60.6,6.35,1898,35.7541,51.37815,,بازیافت,0.88,0.5
THR-R21-RL-01139,رله حفاظتی,منطقه ۲۱ (تهرانسر),R21,مپنا,1387,17,فعال,57.2,23963588,52390105,0,F00-بدون خطا,0,192,0.62,79.7,5.12,2141,35.71288,51.25317,,,,0.5
THR-R06-TR-01140,ترانسفورماتور توزیع,منطقه ۶ (یوسف‌آباد),R06,مپنا,1391,13,بازگشتی,43.4,235543555,415972679,30032812,F05-رطوبت,2,528,0.64,61.3,4.36,1333,35.73644,51.40648,2026-06-27,بازیافت,0.9,5.6
THR-R08-TR-01141,ترانسفورماتور توزیع,منطقه ۸ (تهران‌نو),R08,فولاد مبارکه,1383,21,فعال,41.3,210407375,490713421,0,F00-بدون خطا,4,143,0.45,76.7,1.43,947,35.74781,51.49953,,,,1.0
THR-R13-CB-01142,کلید قدرت,منطقه ۱۳ (پیروزی),R13,فولاد مبارکه,1385,19,فعال,44.2,72584623,192260512,0,F00-بدون خطا,3,335,0.48,53.0,3.65,1739,35.6949,51.48873,,,,0.5
THR-R13-TR-01143,ترانسفورماتور توزیع,منطقه ۱۳ (پیروزی),R13,ایران ترانسفو,1389,15,بازگشتی,43.4,198633383,414048790,87887108,F03-مکانیکی,0,94,0.81,79.2,3.52,1565,35.70959,51.46108,2026-07-10,بازیافت,0.85,3.4
THR-R11-TR-01144,ترانسفورماتور توزیع,منطقه ۱۱ (انقلاب),R11,پارس سوئیچ,1387,17,فعال,66.3,245482311,530085210,0,F00-بدون خطا,0,626,0.88,84.6,6.44,124,35.69517,51.38516,,,,5.3
THR-R10-TR-01145,ترانسفورماتور توزیع,منطقه ۱۰ (آزادی),R10,ایران ترانسفو,1384,20,بازگشتی,51.1,189021622,516108821,38397574,F02-عایق,2,598,0.46,66.6,2.16,263,35.66992,51.38397,2026-07-15,بازسازی,0.78,3.4
THR-R16-TR-01146,ترانسفورماتور توزیع,منطقه ۱۶ (علی‌آباد),R16,آریا رله,1388,16,فعال,45.3,221513731,415460582,0,F00-بدون خطا,0,304,0.54,79.7,3.17,1710,35.62313,51.3944,,,,6.2
THR-R17-TR-01147,ترانسفورماتور توزیع,منطقه ۱۷ (آذری),R17,پارس الکتریک,1402,2,فعال,77.5,354103562,417263154,0,F00-بدون خطا,0,705,0.58,70.0,4.91,478,35.64145,51.34698,,,,17.2
THR-R11-TR-01148,ترانسفورماتور توزیع,منطقه ۱۱ (انقلاب),R11,مپنا,1401,3,فعال,86.7,450813001,517350480,0,F00-بدون خطا,0,406,0.9,68.4,6.01,2033,35.70732,51.40892,,,,18.8
THR-R19-IN-01149,مقره,منطقه ۱۹ (عبدالله‌آباد),R19,فولاد مبارکه,1379,25,فعال,24.7,1868118,8515488,0,F00-بدون خطا,5,95,0.8,51.8,2.63,462,35.61765,51.37889,,,,0.9
THR-R08-IN-01150,مقره,منطقه ۸ (تهران‌نو),R08,فولاد مبارکه,1399,5,بازگشتی,71.0,6669975,7579518,2866872,F05-رطوبت,1,149,0.58,53.7,0.82,1468,35.72738,51.52085,2026-08-19,بازسازی,0.85,16.0
THR-R12-CB-01151,کلید قدرت,منطقه ۱۲ (بازار),R12,پارس سوئیچ,1391,13,فعال,43.9,108056596,183153299,0,F00-بدون خطا,1,640,0.89,52.0,1.69,387,35.67946,51.40878,,,,3.7
THR-R05-CB-01152,کلید قدرت,منطقه ۵ (پونک/جنت‌آباد),R05,آریا رله,1393,11,فعال,60.0,132484660,212683798,0,F00-بدون خطا,0,575,0.49,57.7,5.21,437,35.75085,51.32772,,,,6.3
THR-R16-TR-01153,ترانسفورماتور توزیع,منطقه ۱۶ (علی‌آباد),R16,ایران ترانسفو,1388,16,فعال,54.7,233578602,462881440,0,F00-بدون خطا,1,301,0.85,56.4,4.36,1568,35.65849,51.39745,,,,5.8
THR-R12-TR-01154,ترانسفورماتور توزیع,منطقه ۱۲ (بازار),R12,آریا رله,1383,21,بازگشتی,32.2,225693926,520413789,106240294,F03-مکانیکی,3,467,0.72,65.9,2.56,655,35.67197,51.39802,2026-09-10,بازیافت,0.85,0.5
THR-R19-CB-01155,کلید قدرت,منطقه ۱۹ (عبدالله‌آباد),R19,مپنا,1389,15,بازسازی شده,30.5,107846450,202878640,0,F00-بدون خطا,3,711,0.85,70.3,1.98,608,35.62219,51.37884,,,,0.5
THR-R15-TR-01156,ترانسفورماتور توزیع,منطقه ۱۵ (خاوران),R15,پارس الکتریک,1397,7,بازیافت شده,69.4,352602390,518994757,0,F00-بدون خطا,0,438,0.49,63.8,6.4,2152,35.63766,51.47132,,,,14.0
THR-R15-TR-01157,ترانسفورماتور توزیع,منطقه ۱۵ (خاوران),R15,پارس الکتریک,1399,5,فعال,74.0,367106551,442498146,0,F00-بدون خطا,0,589,0.69,80.4,3.29,112,35.63149,51.46752,,,,15.8
THR-R05-IN-01158,مقره,منطقه ۵ (پونک/جنت‌آباد),R05,پارس سوئیچ,1387,17,فعال,49.9,4579408,9485523,0,F00-بدون خطا,0,412,0.75,85.2,3.24,1973,35.77465,51.32394,,,,5.3
THR-R22-TR-01159,ترانسفورماتور توزیع,منطقه ۲۲ (چیتگر),R22,ایران ترانسفو,1392,12,فعال,50.6,306498708,467610380,0,F00-بدون خطا,0,199,0.86,55.6,3.92,523,35.73575,51.18245,,,,6.4
THR-R13-RL-01160,رله حفاظتی,منطقه ۱۳ (پیروزی),R13,آریا رله,1384,20,فعال,50.0,19873752,41198231,0,F00-بدون خطا,2,633,0.59,73.1,4.03,2071,35.68555,51.45872,,,,0.5
THR-R07-RL-01161,رله حفاظتی,منطقه ۷ (بهار/شریعتی),R07,مپنا,1393,11,فعال,63.5,33165491,44185888,0,F00-بدون خطا,0,174,0.54,55.1,5.78,2004,35.70723,51.42185,,,,3.0
THR-R05-CB-01162,کلید قدرت,منطقه ۵ (پونک/جنت‌آباد),R05,فولاد مبارکه,1388,16,بازگشتی,53.8,99797264,183970661,21387671,F01-حرارتی,2,499,0.85,78.4,2.49,954,35.78397,51.33486,2026-09-19,بازسازی,0.83,3.6
THR-R07-IN-01163,مقره,منطقه ۷ (بهار/شریعتی),R07,ایران ترانسفو,1402,2,بازگشتی,67.5,6562485,7466525,2495019,F03-مکانیکی,0,160,0.81,62.0,3.39,363,35.70838,51.456,2026-08-21,بازسازی,0.9,20.6
THR-R13-TR-01164,ترانسفورماتور توزیع,منطقه ۱۳ (پیروزی),R13,پارس الکتریک,1400,4,فعال,69.6,384548337,449218881,0,F00-بدون خطا,0,280,0.91,74.8,3.44,833,35.72116,51.46847,,,,14.7
THR-R02-TR-01165,ترانسفورماتور توزیع,منطقه ۲ (سعادت‌آباد),R02,پارس سوئیچ,1391,13,فعال,42.9,275240693,442013470,0,F00-بدون خطا,1,372,0.74,52.1,5.66,1796,35.76068,51.3607,,,,6.6
THR-R16-CB-01166,کلید قدرت,منطقه ۱۶ (علی‌آباد),R16,ایران ترانسفو,1400,4,در تعمیر,64.9,170740833,198190015,31256320,F03-مکانیکی,1,589,0.46,53.2,2.23,893,35.63869,51.40742,,بازسازی,0.78,10.5
THR-R03-RL-01167,رله حفاظتی,منطقه ۳ (ونک/الهیه),R03,پارس الکتریک,1396,8,بازگشتی,61.3,24940800,42363372,9039068,F06-پیری,2,339,0.75,69.9,2.12,138,35.76181,51.39972,2026-09-06,بازسازی,0.84,3.0
THR-R15-CBM-01168,کابل فشار متوسط,منطقه ۱۵ (خاوران),R15,فولاد مبارکه,1393,11,بازسازی شده,62.2,20254267,28956412,0,F00-بدون خطا,2,284,0.62,62.6,5.81,95,35.65266,51.46267,,,,13.0
THR-R15-CBM-01169,کابل فشار متوسط,منطقه ۱۵ (خاوران),R15,پارس الکتریک,1382,22,بازگشتی,51.8,8904890,22784983,3009768,F01-حرارتی,1,207,0.64,50.9,4.87,1801,35.63924,51.44029,2026-06-28,بازیافت,0.82,7.4
THR-R18-RL-01170,رله حفاظتی,منطقه ۱۸ (یافت‌آباد),R18,پارس سوئیچ,1397,7,فعال,64.7,37761937,47388545,0,F00-بدون خطا,0,710,0.56,85.7,4.16,138,35.63669,51.30466,,,,7.0
THR-R12-IN-01171,مقره,منطقه ۱۲ (بازار),R12,ایران ترانسفو,1378,26,فعال,23.4,1172193,9133643,0,F00-بدون خطا,4,526,0.82,53.2,5.15,1947,35.65808,51.40964,,,,0.5
THR-R14-TR-01172,ترانسفورماتور توزیع,منطقه ۱۴ (نبرد),R14,ایران ترانسفو,1389,15,بازسازی شده,56.6,243944794,452496631,0,F00-بدون خطا,2,195,0.69,87.7,6.4,1959,35.65663,51.46584,,,,6.7
THR-R14-TR-01173,ترانسفورماتور توزیع,منطقه ۱۴ (نبرد),R14,پارس الکتریک,1395,9,بازگشتی,53.2,377046379,471304030,137883019,F04-الکتریکی,1,720,0.68,61.4,1.27,1871,35.65008,51.45142,2026-07-06,بازسازی,0.9,8.4
THR-R10-RL-01174,رله حفاظتی,منطقه ۱۰ (آزادی),R10,پارس الکتریک,1381,23,امحا شده,28.4,10782373,48801611,0,F00-بدون خطا,0,31,0.55,66.9,6.32,1764,35.71386,51.34057,,,,0.5
THR-R04-CB-01175,کلید قدرت,منطقه ۴ (تهرانپارس),R04,مپنا,1402,2,بازگشتی,86.3,158418128,180020601,75586651,F06-پیری,1,610,0.7,79.9,4.2,213,35.72014,51.49765,2026-07-02,بازسازی,0.9,16.9
THR-R10-IN-01176,مقره,منطقه ۱۰ (آزادی),R10,فولاد مبارکه,1384,20,فعال,42.4,3564720,8480420,0,F00-بدون خطا,4,132,0.64,78.5,1.37,881,35.70617,51.38409,,,,2.0
THR-R16-CBM-01177,کابل فشار متوسط,منطقه ۱۶ (علی‌آباد),R16,پارس الکتریک,1389,15,امحا شده,42.8,13533954,22795426,0,F00-بدون خطا,3,420,0.63,77.6,4.23,111,35.63316,51.40553,,,,7.3
THR-R12-RL-01178,رله حفاظتی,منطقه ۱۲ (بازار),R12,فولاد مبارکه,1394,10,فعال,70.8,29130955,47085482,0,F00-بدون خطا,1,704,0.65,59.7,5.16,1069,35.69949,51.4057,,,,5.4
THR-R01-CBM-01179,کابل فشار متوسط,منطقه ۱ (تجریش/نیاوران),R01,آریا رله,1391,13,فعال,54.5,14688902,23110427,0,F00-بدون خطا,1,546,0.67,58.3,5.88,1380,35.77997,51.43057,,,,12.2
THR-R11-TR-01180,ترانسفورماتور توزیع,منطقه ۱۱ (انقلاب),R11,فولاد مبارکه,1396,8,امحا شده,68.0,356280496,417915275,0,F00-بدون خطا,2,212,0.73,61.8,4.37,1691,35.68415,51.42221,,,,11.3
THR-R02-IN-01181,مقره,منطقه ۲ (سعادت‌آباد),R02,پارس سوئیچ,1396,8,فعال,60.2,6295205,8412280,0,F00-بدون خطا,2,427,0.77,62.0,2.59,1383,35.80293,51.36362,,,,14.2
THR-R17-TR-01182,ترانسفورماتور توزیع,منطقه ۱۷ (آذری),R17,ایران ترانسفو,1385,19,فعال,57.0,168805368,461653390,0,F00-بدون خطا,4,661,0.91,65.3,6.33,1685,35.64441,51.33542,,,,4.2
THR-R21-CBM-01183,کابل فشار متوسط,منطقه ۲۱ (تهرانسر),R21,ایران ترانسفو,1395,9,فعال,65.2,15477746,24007305,0,F00-بدون خطا,0,110,0.91,83.3,6.25,185,35.7145,51.26419,,,,17.5
THR-R14-TR-01184,ترانسفورماتور توزیع,منطقه ۱۴ (نبرد),R14,مپنا,1402,2,بازگشتی,74.0,368647087,430426827,110659805,F05-رطوبت,0,406,0.6,61.6,4.57,183,35.68466,51.44251,2026-06-22,تعمیر,0.92,16.7
THR-R05-CBM-01185,کابل فشار متوسط,منطقه ۵ (پونک/جنت‌آباد),R05,پارس الکتریک,1398,6,بازگشتی,80.3,18339536,23669388,7416166,F02-عایق,0,242,0.6,69.5,2.01,1296,35.73821,51.3047,2026-09-01,بازسازی,0.82,24.4
THR-R18-IN-01186,مقره,منطقه ۱۸ (یافت‌آباد),R18,آریا رله,1401,3,در تعمیر,75.9,6642856,7548700,1906358,F03-مکانیکی,0,99,0.47,72.3,1.67,668,35.65374,51.29187,,تعمیر,0.92,21.3
THR-R21-TR-01187,ترانسفورماتور توزیع,منطقه ۲۱ (تهرانسر),R21,مپنا,1396,8,بازسازی شده,67.5,344810291,443009771,0,F00-بدون خطا,1,140,0.58,84.5,5.08,518,35.71704,51.22751,,,,9.5
THR-R05-TR-01188,ترانسفورماتور توزیع,منطقه ۵ (پونک/جنت‌آباد),R05,پارس سوئیچ,1383,21,فعال,24.4,175915925,476185382,0,F00-بدون خطا,2,415,0.72,68.0,3.59,492,35.78004,51.31065,,,,0.6
THR-R16-RL-01189,رله حفاظتی,منطقه ۱۶ (علی‌آباد),R16,پارس الکتریک,1391,13,فعال,49.3,29172833,50702083,0,F00-بدون خطا,1,444,0.89,74.5,5.77,1617,35.63757,51.42293,,,,2.0
THR-R11-CB-01190,کلید قدرت,منطقه ۱۱ (انقلاب),R11,پارس سوئیچ,1392,12,در تعمیر,50.7,114916935,194406692,20254578,F03-مکانیکی,0,690,0.7,64.4,2.33,208,35.69178,51.38652,,بازسازی,0.89,5.3
THR-R04-CBM-01191,کابل فشار متوسط,منطقه ۴ (تهرانپارس),R04,مپنا,1389,15,فعال,63.1,13179633,24104712,0,F00-بدون خطا,1,275,0.62,87.1,3.28,578,35.7636,51.50214,,,,14.3
THR-R07-CB-01192,کلید قدرت,منطقه ۷ (بهار/شریعتی),R07,آریا رله,1395,9,فعال,69.1,137526056,198668006,0,F00-بدون خطا,0,132,0.73,58.7,4.48,968,35.73661,51.43794,,,,6.2
THR-R01-TR-01193,ترانسفورماتور توزیع,منطقه ۱ (تجریش/نیاوران),R01,آریا رله,1385,19,فعال,46.4,204951873,439033319,0,F00-بدون خطا,2,508,0.56,81.3,4.3,896,35.82714,51.43337,,,,1.6
THR-R03-TR-01194,ترانسفورماتور توزیع,منطقه ۳ (ونک/الهیه),R03,فولاد مبارکه,1395,9,بازگشتی,55.8,291297013,421353707,35594022,F06-پیری,1,539,0.59,83.1,5.26,1718,35.75739,51.43492,2026-05-30,بازسازی,0.88,9.2
THR-R07-TR-01195,ترانسفورماتور توزیع,منطقه ۷ (بهار/شریعتی),R07,مپنا,1384,20,بازگشتی,33.5,159865539,435554663,46151379,F04-الکتریکی,0,616,0.82,59.8,2.2,1356,35.71624,51.42944,2026-09-04,بازیافت,0.9,2.3
THR-R07-CBM-01196,کابل فشار متوسط,منطقه ۷ (بهار/شریعتی),R07,مپنا,1393,11,فعال,50.7,16493254,26634979,0,F00-بدون خطا,1,293,0.77,59.7,2.68,1385,35.72527,51.45028,,,,11.7
THR-R20-TR-01197,ترانسفورماتور توزیع,منطقه ۲۰ (شهرری),R20,پارس الکتریک,1390,14,فعال,43.7,270945945,433704130,0,F00-بدون خطا,2,80,0.48,77.6,2.01,1920,35.58372,51.4286,,,,4.3
THR-R06-IN-01198,مقره,منطقه ۶ (یوسف‌آباد),R06,مپنا,1394,10,فعال,62.0,4940376,7743047,0,F00-بدون خطا,1,675,0.55,61.4,1.57,1522,35.74465,51.41522,,,,12.2
THR-R13-TR-01199,ترانسفورماتور توزیع,منطقه ۱۳ (پیروزی),R13,پارس سوئیچ,1383,21,در تعمیر,39.3,236229015,508342297,99789697,F02-عایق,2,89,0.91,74.6,6.25,961,35.71534,51.45583,,بازیافت,0.79,2.2
THR-R22-TR-01200,ترانسفورماتور توزیع,منطقه ۲۲ (چیتگر),R22,پارس الکتریک,1382,22,در تعمیر,33.2,158272311,448382561,75376132,F01-حرارتی,2,26,0.65,66.7,6.42,1427,35.72288,51.20082,,بازیافت,0.86,0.6
